session_id,game_number,move_number,player,match_type,game_mode,difficulty,chosen_column,minimax_score,ai_explanation,p1_towers,p2_towers,board_flat,timestamp
20260418_172418,2,1,PLAYER,PVE,CLASSIC,HARD,2,N/A,N/A,3,3,"0,0,1,0,0,0,0,0,0,0,0,0,0,0,0,0,0,0,0,0,0,0,0,0,0,0,0,0,0,0,0,0,0,0,0,0,0,0,0,0,0,0",2026-04-18 17:24:36.442826
20260418_172418,2,2,AI_Warrior,PVE,CLASSIC,HARD,3,10.0,AI selected the center column (Score: 10) to maximize future horizontal and diagonal possibilities.,3,3,"0,0,1,2,0,0,0,0,0,0,0,0,0,0,0,0,0,0,0,0,0,0,0,0,0,0,0,0,0,0,0,0,0,0,0,0,0,0,0,0,0,0",2026-04-18 17:24:36.616873
20260418_172418,2,3,PLAYER,PVE,CLASSIC,HARD,2,N/A,N/A,3,3,"0,0,1,2,0,0,0,0,0,1,0,0,0,0,0,0,0,0,0,0,0,0,0,0,0,0,0,0,0,0,0,0,0,0,0,0,0,0,0,0,0,0",2026-04-18 17:24:41.145063
20260418_172418,2,4,AI_Warrior,PVE,CLASSIC,HARD,2,15.0,AI calculated 5 steps ahead and selected column 2 for steady strategic positioning.,3,3,"0,0,1,2,0,0,0,0,0,1,0,0,0,0,0,0,2,0,0,0,0,0,0,0,0,0,0,0,0,0,0,0,0,0,0,0,0,0,0,0,0,0",2026-04-18 17:24:41.305577
20260418_172418,2,5,PLAYER,PVE,CLASSIC,HARD,3,N/A,N/A,3,3,"0,0,1,2,0,0,0,0,0,1,1,0,0,0,0,0,2,0,0,0,0,0,0,0,0,0,0,0,0,0,0,0,0,0,0,0,0,0,0,0,0,0",2026-04-18 17:24:42.238389
20260418_172418,2,6,AI_Warrior,PVE,CLASSIC,HARD,3,25.0,AI selected the center column (Score: 25) to maximize future horizontal and diagonal possibilities.,3,3,"0,0,1,2,0,0,0,0,0,1,1,0,0,0,0,0,2,2,0,0,0,0,0,0,0,0,0,0,0,0,0,0,0,0,0,0,0,0,0,0,0,0",2026-04-18 17:24:42.395783
20260418_172418,2,7,PLAYER,PVE,CLASSIC,HARD,4,N/A,N/A,3,3,"0,0,1,2,1,0,0,0,0,1,1,0,0,0,0,0,2,2,0,0,0,0,0,0,0,0,0,0,0,0,0,0,0,0,0,0,0,0,0,0,0,0",2026-04-18 17:24:42.821360
20260418_172418,2,8,AI_Warrior,PVE,CLASSIC,HARD,3,34.0,AI selected the center column (Score: 34) to maximize future horizontal and diagonal possibilities.,3,3,"0,0,1,2,1,0,0,0,0,1,1,0,0,0,0,0,2,2,0,0,0,0,0,0,2,0,0,0,0,0,0,0,0,0,0,0,0,0,0,0,0,0",2026-04-18 17:24:43.018629
20260418_172418,2,9,PLAYER,PVE,CLASSIC,HARD,4,N/A,N/A,3,3,"0,0,1,2,1,0,0,0,0,1,1,1,0,0,0,0,2,2,0,0,0,0,0,0,2,0,0,0,0,0,0,0,0,0,0,0,0,0,0,0,0,0",2026-04-18 17:24:43.498753
20260418_172418,2,10,AI_Warrior,PVE,CLASSIC,HARD,3,42.0,AI selected the center column (Score: 42) to maximize future horizontal and diagonal possibilities.,3,3,"0,0,1,2,1,0,0,0,0,1,1,1,0,0,0,0,2,2,0,0,0,0,0,0,2,0,0,0,0,0,0,2,0,0,0,0,0,0,0,0,0,0",2026-04-18 17:24:43.648239
20260418_172418,2,11,PLAYER,PVE,CLASSIC,HARD,3,N/A,N/A,3,3,"0,0,1,2,1,0,0,0,0,1,1,1,0,0,0,0,2,2,0,0,0,0,0,0,2,0,0,0,0,0,0,2,0,0,0,0,0,0,1,0,0,0",2026-04-18 17:24:44.406180
20260418_172418,2,12,AI_Warrior,PVE,CLASSIC,HARD,4,50.0,AI calculated 5 steps ahead and selected column 4 for steady strategic positioning.,3,3,"0,0,1,2,1,0,0,0,0,1,1,1,0,0,0,0,2,2,2,0,0,0,0,0,2,0,0,0,0,0,0,2,0,0,0,0,0,0,1,0,0,0",2026-04-18 17:24:44.499523
20260418_172418,2,13,PLAYER,PVE,CLASSIC,HARD,4,N/A,N/A,3,3,"0,0,1,2,1,0,0,0,0,1,1,1,0,0,0,0,2,2,2,0,0,0,0,0,2,1,0,0,0,0,0,2,0,0,0,0,0,0,1,0,0,0",2026-04-18 17:24:45.622315
20260418_172418,2,14,AI_Warrior,PVE,CLASSIC,HARD,4,49.0,AI calculated 5 steps ahead and selected column 4 for steady strategic positioning.,3,3,"0,0,1,2,1,0,0,0,0,1,1,1,0,0,0,0,2,2,2,0,0,0,0,0,2,1,0,0,0,0,0,2,2,0,0,0,0,0,1,0,0,0",2026-04-18 17:24:45.696838
20260418_172418,2,15,PLAYER,PVE,CLASSIC,HARD,2,N/A,N/A,3,3,"0,0,1,2,1,0,0,0,0,1,1,1,0,0,0,0,2,2,2,0,0,0,0,1,2,1,0,0,0,0,0,2,2,0,0,0,0,0,1,0,0,0",2026-04-18 17:24:46.448340
20260418_172418,2,16,AI_Warrior,PVE,CLASSIC,HARD,2,56.0,AI detects a strong offensive opportunity (Score: 56) and is building a strategic trap.,3,3,"0,0,1,2,1,0,0,0,0,1,1,1,0,0,0,0,2,2,2,0,0,0,0,1,2,1,0,0,0,0,2,2,2,0,0,0,0,0,1,0,0,0",2026-04-18 17:24:46.497070
20260418_172418,2,17,PLAYER,PVE,CLASSIC,HARD,5,N/A,N/A,3,3,"0,0,1,2,1,1,0,0,0,1,1,1,0,0,0,0,2,2,2,0,0,0,0,1,2,1,0,0,0,0,2,2,2,0,0,0,0,0,1,0,0,0",2026-04-18 17:24:49.978346
20260418_172418,2,18,AI_Warrior,PVE,CLASSIC,HARD,5,100000000000000.0,AI has found a definitive winning move or successfully blocked the opponent's absolute victory!,3,3,"0,0,1,2,1,1,0,0,0,1,1,1,2,0,0,0,2,2,2,0,0,0,0,1,2,1,0,0,0,0,2,2,2,0,0,0,0,0,1,0,0,0",2026-04-18 17:24:50.002567
20260418_172418,3,1,PLAYER,PVE,CLASSIC,HARD,1,N/A,N/A,3,3,"0,1,0,0,0,0,0,0,0,0,0,0,0,0,0,0,0,0,0,0,0,0,0,0,0,0,0,0,0,0,0,0,0,0,0,0,0,0,0,0,0,0",2026-04-18 17:25:16.469481
20260418_172418,3,2,AI_Warrior,PVE,CLASSIC,HARD,3,10.0,AI selected the center column (Score: 10) to maximize future horizontal and diagonal possibilities.,3,3,"0,1,0,2,0,0,0,0,0,0,0,0,0,0,0,0,0,0,0,0,0,0,0,0,0,0,0,0,0,0,0,0,0,0,0,0,0,0,0,0,0,0",2026-04-18 17:25:16.627825
20260418_172418,3,3,PLAYER,PVE,CLASSIC,HARD,2,N/A,N/A,3,3,"0,1,1,2,0,0,0,0,0,0,0,0,0,0,0,0,0,0,0,0,0,0,0,0,0,0,0,0,0,0,0,0,0,0,0,0,0,0,0,0,0,0",2026-04-18 17:25:17.251879
20260418_172418,3,4,AI_Warrior,PVE,CLASSIC,HARD,2,16.0,AI calculated 5 steps ahead and selected column 2 for steady strategic positioning.,3,3,"0,1,1,2,0,0,0,0,0,2,0,0,0,0,0,0,0,0,0,0,0,0,0,0,0,0,0,0,0,0,0,0,0,0,0,0,0,0,0,0,0,0",2026-04-18 17:25:17.441861
20260418_172418,3,5,PLAYER,PVE,CLASSIC,HARD,2,N/A,N/A,3,3,"0,1,1,2,0,0,0,0,0,2,0,0,0,0,0,0,1,0,0,0,0,0,0,0,0,0,0,0,0,0,0,0,0,0,0,0,0,0,0,0,0,0",2026-04-18 17:25:18.021930
20260418_172418,3,6,AI_Warrior,PVE,CLASSIC,HARD,2,19.0,AI calculated 5 steps ahead and selected column 2 for steady strategic positioning.,3,3,"0,1,1,2,0,0,0,0,0,2,0,0,0,0,0,0,1,0,0,0,0,0,0,2,0,0,0,0,0,0,0,0,0,0,0,0,0,0,0,0,0,0",2026-04-18 17:25:18.214790
20260418_172418,3,7,PLAYER,PVE,CLASSIC,HARD,1,N/A,N/A,3,3,"0,1,1,2,0,0,0,0,1,2,0,0,0,0,0,0,1,0,0,0,0,0,0,2,0,0,0,0,0,0,0,0,0,0,0,0,0,0,0,0,0,0",2026-04-18 17:25:18.644261
20260418_172418,3,8,AI_Warrior,PVE,CLASSIC,HARD,1,22.0,AI calculated 5 steps ahead and selected column 1 for steady strategic positioning.,3,3,"0,1,1,2,0,0,0,0,1,2,0,0,0,0,0,2,1,0,0,0,0,0,0,2,0,0,0,0,0,0,0,0,0,0,0,0,0,0,0,0,0,0",2026-04-18 17:25:18.759448
20260418_172418,3,9,PLAYER,PVE,CLASSIC,HARD,2,N/A,N/A,3,3,"0,1,1,2,0,0,0,0,1,2,0,0,0,0,0,2,1,0,0,0,0,0,0,2,0,0,0,0,0,0,1,0,0,0,0,0,0,0,0,0,0,0",2026-04-18 17:25:19.237876
20260418_172418,3,10,AI_Warrior,PVE,CLASSIC,HARD,1,31.0,AI calculated 5 steps ahead and selected column 1 for steady strategic positioning.,3,3,"0,1,1,2,0,0,0,0,1,2,0,0,0,0,0,2,1,0,0,0,0,0,2,2,0,0,0,0,0,0,1,0,0,0,0,0,0,0,0,0,0,0",2026-04-18 17:25:19.337980
20260418_172418,3,11,PLAYER,PVE,CLASSIC,HARD,3,N/A,N/A,3,3,"0,1,1,2,0,0,0,0,1,2,1,0,0,0,0,2,1,0,0,0,0,0,2,2,0,0,0,0,0,0,1,0,0,0,0,0,0,0,0,0,0,0",2026-04-18 17:25:19.821486
20260418_172418,3,12,AI_Warrior,PVE,CLASSIC,HARD,1,31.0,AI calculated 5 steps ahead and selected column 1 for steady strategic positioning.,3,3,"0,1,1,2,0,0,0,0,1,2,1,0,0,0,0,2,1,0,0,0,0,0,2,2,0,0,0,0,0,2,1,0,0,0,0,0,0,0,0,0,0,0",2026-04-18 17:25:19.926460
20260418_172418,3,13,PLAYER,PVE,CLASSIC,HARD,4,N/A,N/A,3,3,"0,1,1,2,1,0,0,0,1,2,1,0,0,0,0,2,1,0,0,0,0,0,2,2,0,0,0,0,0,2,1,0,0,0,0,0,0,0,0,0,0,0",2026-04-18 17:25:20.819953
20260418_172418,3,14,AI_Warrior,PVE,CLASSIC,HARD,1,100000000000000.0,AI has found a definitive winning move or successfully blocked the opponent's absolute victory!,3,3,"0,1,1,2,1,0,0,0,1,2,1,0,0,0,0,2,1,0,0,0,0,0,2,2,0,0,0,0,0,2,1,0,0,0,0,0,2,0,0,0,0,0",2026-04-18 17:25:20.858516
20260418_172418,4,1,PLAYER,PVE,CONQUER,HARD,4,N/A,N/A,3,3,"0,0,0,0,1,0,0,0,0,0,0,0,0,0,0,0,0,0,0,0,0,0,0,0,0,0,0,0,0,0,0,0,0,0,0,0,0,0,0,0,0,0",2026-04-18 17:25:30.946613
20260418_172418,4,2,AI_Warrior,PVE,CONQUER,HARD,3,10.0,AI selected the center column (Score: 10) to maximize future horizontal and diagonal possibilities.,3,3,"0,0,0,2,1,0,0,0,0,0,0,0,0,0,0,0,0,0,0,0,0,0,0,0,0,0,0,0,0,0,0,0,0,0,0,0,0,0,0,0,0,0",2026-04-18 17:25:31.151079
20260418_172418,4,3,PLAYER,PVE,CONQUER,HARD,2,N/A,N/A,3,3,"0,0,1,2,1,0,0,0,0,0,0,0,0,0,0,0,0,0,0,0,0,0,0,0,0,0,0,0,0,0,0,0,0,0,0,0,0,0,0,0,0,0",2026-04-18 17:25:31.545235
20260418_172418,4,4,AI_Warrior,PVE,CONQUER,HARD,3,17.0,AI selected the center column (Score: 17) to maximize future horizontal and diagonal possibilities.,3,3,"0,0,1,2,1,0,0,0,0,0,2,0,0,0,0,0,0,0,0,0,0,0,0,0,0,0,0,0,0,0,0,0,0,0,0,0,0,0,0,0,0,0",2026-04-18 17:25:31.750390
20260418_172418,4,5,PLAYER,PVE,CONQUER,HARD,4,N/A,N/A,3,3,"0,0,1,2,1,0,0,0,0,0,2,1,0,0,0,0,0,0,0,0,0,0,0,0,0,0,0,0,0,0,0,0,0,0,0,0,0,0,0,0,0,0",2026-04-18 17:25:32.603778
20260418_172418,4,6,AI_Warrior,PVE,CONQUER,HARD,3,21.0,AI selected the center column (Score: 21) to maximize future horizontal and diagonal possibilities.,3,3,"0,0,1,2,1,0,0,0,0,0,2,1,0,0,0,0,0,2,0,0,0,0,0,0,0,0,0,0,0,0,0,0,0,0,0,0,0,0,0,0,0,0",2026-04-18 17:25:32.837892
20260418_172418,4,7,PLAYER,PVE,CONQUER,HARD,4,N/A,N/A,3,3,"0,0,1,2,1,0,0,0,0,0,2,1,0,0,0,0,0,2,1,0,0,0,0,0,0,0,0,0,0,0,0,0,0,0,0,0,0,0,0,0,0,0",2026-04-18 17:25:35.953426
20260418_172418,4,8,AI_Warrior,PVE,CONQUER,HARD,3,100000000000000.0,AI has found a definitive winning move or successfully blocked the opponent's absolute victory!,3,3,"0,0,1,2,1,0,0,0,0,0,2,1,0,0,0,0,0,2,1,0,0,0,0,0,2,0,0,0,0,0,0,0,0,0,0,0,0,0,0,0,0,0",2026-04-18 17:25:36.041539
20260418_172418,4,9,PLAYER,PVE,CONQUER,HARD,2,N/A,N/A,2,3,"0,0,1,0,0,0,0,0,0,0,0,0,0,0,0,0,0,0,0,0,0,0,0,0,0,0,0,0,0,0,0,0,0,0,0,0,0,0,0,0,0,0",2026-04-18 17:25:39.283771
20260418_172418,4,10,AI_Warrior,PVE,CONQUER,HARD,3,10.0,AI selected the center column (Score: 10) to maximize future horizontal and diagonal possibilities.,2,3,"0,0,1,2,0,0,0,0,0,0,0,0,0,0,0,0,0,0,0,0,0,0,0,0,0,0,0,0,0,0,0,0,0,0,0,0,0,0,0,0,0,0",2026-04-18 17:25:39.454796
20260418_172418,4,11,PLAYER,PVE,CONQUER,HARD,4,N/A,N/A,2,3,"0,0,1,2,1,0,0,0,0,0,0,0,0,0,0,0,0,0,0,0,0,0,0,0,0,0,0,0,0,0,0,0,0,0,0,0,0,0,0,0,0,0",2026-04-18 17:25:39.969641
20260418_172418,4,12,AI_Warrior,PVE,CONQUER,HARD,3,17.0,AI selected the center column (Score: 17) to maximize future horizontal and diagonal possibilities.,2,3,"0,0,1,2,1,0,0,0,0,0,2,0,0,0,0,0,0,0,0,0,0,0,0,0,0,0,0,0,0,0,0,0,0,0,0,0,0,0,0,0,0,0",2026-04-18 17:25:40.173036
20260418_172418,4,13,PLAYER,PVE,CONQUER,HARD,2,N/A,N/A,2,3,"0,0,1,2,1,0,0,0,0,1,2,0,0,0,0,0,0,0,0,0,0,0,0,0,0,0,0,0,0,0,0,0,0,0,0,0,0,0,0,0,0,0",2026-04-18 17:25:40.639159
20260418_172418,4,14,AI_Warrior,PVE,CONQUER,HARD,2,21.0,AI calculated 5 steps ahead and selected column 2 for steady strategic positioning.,2,3,"0,0,1,2,1,0,0,0,0,1,2,0,0,0,0,0,2,0,0,0,0,0,0,0,0,0,0,0,0,0,0,0,0,0,0,0,0,0,0,0,0,0",2026-04-18 17:25:40.832620
20260418_172418,4,15,PLAYER,PVE,CONQUER,HARD,3,N/A,N/A,2,3,"0,0,1,2,1,0,0,0,0,1,2,0,0,0,0,0,2,1,0,0,0,0,0,0,0,0,0,0,0,0,0,0,0,0,0,0,0,0,0,0,0,0",2026-04-18 17:25:41.411090
20260418_172418,4,16,AI_Warrior,PVE,CONQUER,HARD,3,24.0,AI selected the center column (Score: 24) to maximize future horizontal and diagonal possibilities.,2,3,"0,0,1,2,1,0,0,0,0,1,2,0,0,0,0,0,2,1,0,0,0,0,0,0,2,0,0,0,0,0,0,0,0,0,0,0,0,0,0,0,0,0",2026-04-18 17:25:41.588996
20260418_172418,4,17,PLAYER,PVE,CONQUER,HARD,4,N/A,N/A,2,3,"0,0,1,2,1,0,0,0,0,1,2,1,0,0,0,0,2,1,0,0,0,0,0,0,2,0,0,0,0,0,0,0,0,0,0,0,0,0,0,0,0,0",2026-04-18 17:25:41.924220
20260418_172418,4,18,AI_Warrior,PVE,CONQUER,HARD,2,32.0,AI calculated 5 steps ahead and selected column 2 for steady strategic positioning.,2,3,"0,0,1,2,1,0,0,0,0,1,2,1,0,0,0,0,2,1,0,0,0,0,0,2,2,0,0,0,0,0,0,0,0,0,0,0,0,0,0,0,0,0",2026-04-18 17:25:42.048527
20260418_172418,4,19,PLAYER,PVE,CONQUER,HARD,5,N/A,N/A,2,3,"0,0,1,2,1,1,0,0,0,1,2,1,0,0,0,0,2,1,0,0,0,0,0,2,2,0,0,0,0,0,0,0,0,0,0,0,0,0,0,0,0,0",2026-04-18 17:25:43.149931
20260418_172418,4,20,AI_Warrior,PVE,CONQUER,HARD,2,43.0,AI calculated 5 steps ahead and selected column 2 for steady strategic positioning.,2,3,"0,0,1,2,1,1,0,0,0,1,2,1,0,0,0,0,2,1,0,0,0,0,0,2,2,0,0,0,0,0,2,0,0,0,0,0,0,0,0,0,0,0",2026-04-18 17:25:43.297295
20260418_172418,4,21,PLAYER,PVE,CONQUER,HARD,2,N/A,N/A,2,3,"0,0,1,2,1,1,0,0,0,1,2,1,0,0,0,0,2,1,0,0,0,0,0,2,2,0,0,0,0,0,2,0,0,0,0,0,0,1,0,0,0,0",2026-04-18 17:25:44.127774
20260418_172418,4,22,AI_Warrior,PVE,CONQUER,HARD,4,45.0,AI calculated 5 steps ahead and selected column 4 for steady strategic positioning.,2,3,"0,0,1,2,1,1,0,0,0,1,2,1,0,0,0,0,2,1,2,0,0,0,0,2,2,0,0,0,0,0,2,0,0,0,0,0,0,1,0,0,0,0",2026-04-18 17:25:44.252310
20260418_172418,4,23,PLAYER,PVE,CONQUER,HARD,4,N/A,N/A,2,3,"0,0,1,2,1,1,0,0,0,1,2,1,0,0,0,0,2,1,2,0,0,0,0,2,2,1,0,0,0,0,2,0,0,0,0,0,0,1,0,0,0,0",2026-04-18 17:25:45.554467
20260418_172418,4,24,AI_Warrior,PVE,CONQUER,HARD,1,100000000000000.0,AI has found a definitive winning move or successfully blocked the opponent's absolute victory!,2,3,"0,2,1,2,1,1,0,0,0,1,2,1,0,0,0,0,2,1,2,0,0,0,0,2,2,1,0,0,0,0,2,0,0,0,0,0,0,1,0,0,0,0",2026-04-18 17:25:45.593590
20260418_172418,4,25,PLAYER,PVE,CONQUER,HARD,1,N/A,N/A,2,3,"0,2,1,2,1,1,0,0,1,1,2,1,0,0,0,0,2,1,2,0,0,0,0,2,2,1,0,0,0,0,2,0,0,0,0,0,0,1,0,0,0,0",2026-04-18 17:25:47.205423
20260418_172418,4,26,AI_Warrior,PVE,CONQUER,HARD,5,100000000000000.0,AI has found a definitive winning move or successfully blocked the opponent's absolute victory!,2,3,"0,2,1,2,1,1,0,0,1,1,2,1,2,0,0,0,2,1,2,0,0,0,0,2,2,1,0,0,0,0,2,0,0,0,0,0,0,1,0,0,0,0",2026-04-18 17:25:47.336909
20260418_172418,4,27,PLAYER,PVE,CONQUER,HARD,4,N/A,N/A,1,3,"0,0,0,0,1,0,0,0,0,0,0,0,0,0,0,0,0,0,0,0,0,0,0,0,0,0,0,0,0,0,0,0,0,0,0,0,0,0,0,0,0,0",2026-04-18 17:25:50.334108
20260418_172418,4,28,AI_Warrior,PVE,CONQUER,HARD,3,10.0,AI selected the center column (Score: 10) to maximize future horizontal and diagonal possibilities.,1,3,"0,0,0,2,1,0,0,0,0,0,0,0,0,0,0,0,0,0,0,0,0,0,0,0,0,0,0,0,0,0,0,0,0,0,0,0,0,0,0,0,0,0",2026-04-18 17:25:50.536604
20260418_172418,4,29,PLAYER,PVE,CONQUER,HARD,2,N/A,N/A,1,3,"0,0,1,2,1,0,0,0,0,0,0,0,0,0,0,0,0,0,0,0,0,0,0,0,0,0,0,0,0,0,0,0,0,0,0,0,0,0,0,0,0,0",2026-04-18 17:25:50.892892
20260418_172418,4,30,AI_Warrior,PVE,CONQUER,HARD,3,17.0,AI selected the center column (Score: 17) to maximize future horizontal and diagonal possibilities.,1,3,"0,0,1,2,1,0,0,0,0,0,2,0,0,0,0,0,0,0,0,0,0,0,0,0,0,0,0,0,0,0,0,0,0,0,0,0,0,0,0,0,0,0",2026-04-18 17:25:51.098619
20260418_172418,4,31,PLAYER,PVE,CONQUER,HARD,3,N/A,N/A,1,3,"0,0,1,2,1,0,0,0,0,0,2,0,0,0,0,0,0,1,0,0,0,0,0,0,0,0,0,0,0,0,0,0,0,0,0,0,0,0,0,0,0,0",2026-04-18 17:25:51.509227
20260418_172418,4,32,AI_Warrior,PVE,CONQUER,HARD,3,20.0,AI selected the center column (Score: 20) to maximize future horizontal and diagonal possibilities.,1,3,"0,0,1,2,1,0,0,0,0,0,2,0,0,0,0,0,0,1,0,0,0,0,0,0,2,0,0,0,0,0,0,0,0,0,0,0,0,0,0,0,0,0",2026-04-18 17:25:51.683788
20260418_172418,4,33,PLAYER,PVE,CONQUER,HARD,4,N/A,N/A,1,3,"0,0,1,2,1,0,0,0,0,0,2,1,0,0,0,0,0,1,0,0,0,0,0,0,2,0,0,0,0,0,0,0,0,0,0,0,0,0,0,0,0,0",2026-04-18 17:25:52.211530
20260418_172418,4,34,AI_Warrior,PVE,CONQUER,HARD,4,24.0,AI calculated 5 steps ahead and selected column 4 for steady strategic positioning.,1,3,"0,0,1,2,1,0,0,0,0,0,2,1,0,0,0,0,0,1,2,0,0,0,0,0,2,0,0,0,0,0,0,0,0,0,0,0,0,0,0,0,0,0",2026-04-18 17:25:52.458855
20260418_172418,4,35,PLAYER,PVE,CONQUER,HARD,2,N/A,N/A,1,3,"0,0,1,2,1,0,0,0,0,1,2,1,0,0,0,0,0,1,2,0,0,0,0,0,2,0,0,0,0,0,0,0,0,0,0,0,0,0,0,0,0,0",2026-04-18 17:25:53.117703
20260418_172418,4,36,AI_Warrior,PVE,CONQUER,HARD,4,32.0,AI calculated 5 steps ahead and selected column 4 for steady strategic positioning.,1,3,"0,0,1,2,1,0,0,0,0,1,2,1,0,0,0,0,0,1,2,0,0,0,0,0,2,2,0,0,0,0,0,0,0,0,0,0,0,0,0,0,0,0",2026-04-18 17:25:53.368129
20260418_172418,4,37,PLAYER,PVE,CONQUER,HARD,2,N/A,N/A,1,3,"0,0,1,2,1,0,0,0,0,1,2,1,0,0,0,0,1,1,2,0,0,0,0,0,2,2,0,0,0,0,0,0,0,0,0,0,0,0,0,0,0,0",2026-04-18 17:25:55.315328
20260418_172418,4,38,AI_Warrior,PVE,CONQUER,HARD,2,41.0,AI calculated 5 steps ahead and selected column 2 for steady strategic positioning.,1,3,"0,0,1,2,1,0,0,0,0,1,2,1,0,0,0,0,1,1,2,0,0,0,0,2,2,2,0,0,0,0,0,0,0,0,0,0,0,0,0,0,0,0",2026-04-18 17:25:55.443834
20260418_172418,4,39,PLAYER,PVE,CONQUER,HARD,5,N/A,N/A,1,3,"0,0,1,2,1,1,0,0,0,1,2,1,0,0,0,0,1,1,2,0,0,0,0,2,2,2,0,0,0,0,0,0,0,0,0,0,0,0,0,0,0,0",2026-04-18 17:25:58.675290
20260418_172418,4,40,AI_Warrior,PVE,CONQUER,HARD,4,100000000000000.0,AI has found a definitive winning move or successfully blocked the opponent's absolute victory!,1,3,"0,0,1,2,1,1,0,0,0,1,2,1,0,0,0,0,1,1,2,0,0,0,0,2,2,2,0,0,0,0,0,0,2,0,0,0,0,0,0,0,0,0",2026-04-18 17:25:58.939957
20260418_172418,4,41,PLAYER,PVE,CONQUER,HARD,4,N/A,N/A,1,3,"0,0,1,2,1,1,0,0,0,1,2,1,0,0,0,0,1,1,2,0,0,0,0,2,2,2,0,0,0,0,0,0,2,0,0,0,0,0,0,1,0,0",2026-04-18 17:25:59.950247
20260418_172418,4,42,AI_Warrior,PVE,CONQUER,HARD,5,100000000000000.0,AI has found a definitive winning move or successfully blocked the opponent's absolute victory!,1,3,"0,0,1,2,1,1,0,0,0,1,2,1,2,0,0,0,1,1,2,0,0,0,0,2,2,2,0,0,0,0,0,0,2,0,0,0,0,0,0,1,0,0",2026-04-18 17:26:00.106451
20260418_172418,4,43,PLAYER,PVE,CONQUER,HARD,2,N/A,N/A,1,3,"0,0,1,2,1,1,0,0,0,1,2,1,2,0,0,0,1,1,2,0,0,0,0,2,2,2,0,0,0,0,1,0,2,0,0,0,0,0,0,1,0,0",2026-04-18 17:26:02.932793
20260418_172418,4,44,AI_Warrior,PVE,CONQUER,HARD,2,100000000000000.0,AI has found a definitive winning move or successfully blocked the opponent's absolute victory!,1,3,"0,0,1,2,1,1,0,0,0,1,2,1,2,0,0,0,1,1,2,0,0,0,0,2,2,2,0,0,0,0,1,0,2,0,0,0,0,2,0,1,0,0",2026-04-18 17:26:03.053377
20260418_172418,4,45,PLAYER,PVE,CONQUER,HARD,1,N/A,N/A,1,3,"0,1,1,2,1,1,0,0,0,1,2,1,2,0,0,0,1,1,2,0,0,0,0,2,2,2,0,0,0,0,1,0,2,0,0,0,0,2,0,1,0,0",2026-04-18 17:26:13.329829
20260418_172418,4,46,AI_Warrior,PVE,CONQUER,HARD,0,100000000000000.0,AI has found a definitive winning move or successfully blocked the opponent's absolute victory!,1,3,"2,1,1,2,1,1,0,0,0,1,2,1,2,0,0,0,1,1,2,0,0,0,0,2,2,2,0,0,0,0,1,0,2,0,0,0,0,2,0,1,0,0",2026-04-18 17:26:13.361451
20260418_172418,4,47,PLAYER,PVE,CONQUER,HARD,1,N/A,N/A,1,3,"2,1,1,2,1,1,0,0,1,1,2,1,2,0,0,0,1,1,2,0,0,0,0,2,2,2,0,0,0,0,1,0,2,0,0,0,0,2,0,1,0,0",2026-04-18 17:26:17.135613
20260418_172418,4,48,AI_Warrior,PVE,CONQUER,HARD,0,100000000000000.0,AI has found a definitive winning move or successfully blocked the opponent's absolute victory!,1,3,"2,1,1,2,1,1,0,2,1,1,2,1,2,0,0,0,1,1,2,0,0,0,0,2,2,2,0,0,0,0,1,0,2,0,0,0,0,2,0,1,0,0",2026-04-18 17:26:17.150787
20260418_172418,4,49,PLAYER,PVE,CONQUER,HARD,1,N/A,N/A,1,3,"2,1,1,2,1,1,0,2,1,1,2,1,2,0,0,1,1,1,2,0,0,0,0,2,2,2,0,0,0,0,1,0,2,0,0,0,0,2,0,1,0,0",2026-04-18 17:26:18.888976
20260418_172418,4,50,AI_Warrior,PVE,CONQUER,HARD,1,100000000000000.0,AI has found a definitive winning move or successfully blocked the opponent's absolute victory!,1,3,"2,1,1,2,1,1,0,2,1,1,2,1,2,0,0,1,1,1,2,0,0,0,2,2,2,2,0,0,0,0,1,0,2,0,0,0,0,2,0,1,0,0",2026-04-18 17:26:18.897890
20260418_174715,2,1,AI_Warrior,PVE,CLASSIC,HARD,3,12.0,AI selected the center column (Score: 12) to maximize future horizontal and diagonal possibilities.,3,3,"0,0,0,2,0,0,0,0,0,0,0,0,0,0,0,0,0,0,0,0,0,0,0,0,0,0,0,0,0,0,0,0,0,0,0,0,0,0,0,0,0,0",2026-04-18 17:47:24.378841
20260418_174715,2,2,PLAYER,PVE,CLASSIC,HARD,3,N/A,N/A,3,3,"0,0,0,2,0,0,0,0,0,0,1,0,0,0,0,0,0,0,0,0,0,0,0,0,0,0,0,0,0,0,0,0,0,0,0,0,0,0,0,0,0,0",2026-04-18 17:47:29.188627
20260418_174715,2,3,AI_Warrior,PVE,CLASSIC,HARD,3,15.0,AI selected the center column (Score: 15) to maximize future horizontal and diagonal possibilities.,3,3,"0,0,0,2,0,0,0,0,0,0,1,0,0,0,0,0,0,2,0,0,0,0,0,0,0,0,0,0,0,0,0,0,0,0,0,0,0,0,0,0,0,0",2026-04-18 17:47:29.373685
20260418_174715,2,4,PLAYER,PVE,CLASSIC,HARD,2,N/A,N/A,3,3,"0,0,1,2,0,0,0,0,0,0,1,0,0,0,0,0,0,2,0,0,0,0,0,0,0,0,0,0,0,0,0,0,0,0,0,0,0,0,0,0,0,0",2026-04-18 17:47:29.804742
20260418_174715,2,5,AI_Warrior,PVE,CLASSIC,HARD,3,25.0,AI selected the center column (Score: 25) to maximize future horizontal and diagonal possibilities.,3,3,"0,0,1,2,0,0,0,0,0,0,1,0,0,0,0,0,0,2,0,0,0,0,0,0,2,0,0,0,0,0,0,0,0,0,0,0,0,0,0,0,0,0",2026-04-18 17:47:29.970868
20260418_174715,2,6,PLAYER,PVE,CLASSIC,HARD,4,N/A,N/A,3,3,"0,0,1,2,1,0,0,0,0,0,1,0,0,0,0,0,0,2,0,0,0,0,0,0,2,0,0,0,0,0,0,0,0,0,0,0,0,0,0,0,0,0",2026-04-18 17:47:30.437103
20260418_174715,2,7,AI_Warrior,PVE,CLASSIC,HARD,2,31.0,AI calculated 5 steps ahead and selected column 2 for steady strategic positioning.,3,3,"0,0,1,2,1,0,0,0,0,2,1,0,0,0,0,0,0,2,0,0,0,0,0,0,2,0,0,0,0,0,0,0,0,0,0,0,0,0,0,0,0,0",2026-04-18 17:47:30.629028
20260418_174715,2,8,PLAYER,PVE,CLASSIC,HARD,2,N/A,N/A,3,3,"0,0,1,2,1,0,0,0,0,2,1,0,0,0,0,0,1,2,0,0,0,0,0,0,2,0,0,0,0,0,0,0,0,0,0,0,0,0,0,0,0,0",2026-04-18 17:47:31.445634
20260418_174715,2,9,AI_Warrior,PVE,CLASSIC,HARD,2,36.0,AI calculated 5 steps ahead and selected column 2 for steady strategic positioning.,3,3,"0,0,1,2,1,0,0,0,0,2,1,0,0,0,0,0,1,2,0,0,0,0,0,2,2,0,0,0,0,0,0,0,0,0,0,0,0,0,0,0,0,0",2026-04-18 17:47:31.665805
20260418_174715,2,10,PLAYER,PVE,CLASSIC,HARD,4,N/A,N/A,3,3,"0,0,1,2,1,0,0,0,0,2,1,1,0,0,0,0,1,2,0,0,0,0,0,2,2,0,0,0,0,0,0,0,0,0,0,0,0,0,0,0,0,0",2026-04-18 17:47:32.198143
20260418_174715,2,11,AI_Warrior,PVE,CLASSIC,HARD,3,44.0,AI selected the center column (Score: 44) to maximize future horizontal and diagonal possibilities.,3,3,"0,0,1,2,1,0,0,0,0,2,1,1,0,0,0,0,1,2,0,0,0,0,0,2,2,0,0,0,0,0,0,2,0,0,0,0,0,0,0,0,0,0",2026-04-18 17:47:32.453354
20260418_174715,2,12,PLAYER,PVE,CLASSIC,HARD,4,N/A,N/A,3,3,"0,0,1,2,1,0,0,0,0,2,1,1,0,0,0,0,1,2,1,0,0,0,0,2,2,0,0,0,0,0,0,2,0,0,0,0,0,0,0,0,0,0",2026-04-18 17:47:33.283535
20260418_174715,2,13,AI_Warrior,PVE,CLASSIC,HARD,3,100000000000000.0,AI has found a definitive winning move or successfully blocked the opponent's absolute victory!,3,3,"0,0,1,2,1,0,0,0,0,2,1,1,0,0,0,0,1,2,1,0,0,0,0,2,2,0,0,0,0,0,0,2,0,0,0,0,0,0,2,0,0,0",2026-04-18 17:47:33.348478
20260418_174715,3,1,AI_Warrior,PVE,CONQUER,HARD,3,12.0,AI selected the center column (Score: 12) to maximize future horizontal and diagonal possibilities.,3,3,"0,0,0,2,0,0,0,0,0,0,0,0,0,0,0,0,0,0,0,0,0,0,0,0,0,0,0,0,0,0,0,0,0,0,0,0,0,0,0,0,0,0",2026-04-18 17:48:00.390409
20260418_174715,3,2,PLAYER,PVE,CONQUER,HARD,1,N/A,N/A,3,3,"0,1,0,2,0,0,0,0,0,0,0,0,0,0,0,0,0,0,0,0,0,0,0,0,0,0,0,0,0,0,0,0,0,0,0,0,0,0,0,0,0,0",2026-04-18 17:48:01.014108
20260418_174715,3,3,AI_Warrior,PVE,CONQUER,HARD,3,18.0,AI selected the center column (Score: 18) to maximize future horizontal and diagonal possibilities.,3,3,"0,1,0,2,0,0,0,0,0,0,2,0,0,0,0,0,0,0,0,0,0,0,0,0,0,0,0,0,0,0,0,0,0,0,0,0,0,0,0,0,0,0",2026-04-18 17:48:01.250272
20260418_174715,3,4,PLAYER,PVE,CONQUER,HARD,4,N/A,N/A,3,3,"0,1,0,2,1,0,0,0,0,0,2,0,0,0,0,0,0,0,0,0,0,0,0,0,0,0,0,0,0,0,0,0,0,0,0,0,0,0,0,0,0,0",2026-04-18 17:48:01.614377
20260418_174715,3,5,AI_Warrior,PVE,CONQUER,HARD,3,26.0,AI selected the center column (Score: 26) to maximize future horizontal and diagonal possibilities.,3,3,"0,1,0,2,1,0,0,0,0,0,2,0,0,0,0,0,0,2,0,0,0,0,0,0,0,0,0,0,0,0,0,0,0,0,0,0,0,0,0,0,0,0",2026-04-18 17:48:01.808600
20260418_174715,3,6,PLAYER,PVE,CONQUER,HARD,2,N/A,N/A,3,3,"0,1,1,2,1,0,0,0,0,0,2,0,0,0,0,0,0,2,0,0,0,0,0,0,0,0,0,0,0,0,0,0,0,0,0,0,0,0,0,0,0,0",2026-04-18 17:48:02.105802
20260418_174715,3,7,AI_Warrior,PVE,CONQUER,HARD,3,100000000000000.0,AI has found a definitive winning move or successfully blocked the opponent's absolute victory!,3,3,"0,1,1,2,1,0,0,0,0,0,2,0,0,0,0,0,0,2,0,0,0,0,0,0,2,0,0,0,0,0,0,0,0,0,0,0,0,0,0,0,0,0",2026-04-18 17:48:02.223836
20260418_174715,3,8,PLAYER,PVE,CONQUER,HARD,3,N/A,N/A,2,3,"0,0,0,1,0,0,0,0,0,0,0,0,0,0,0,0,0,0,0,0,0,0,0,0,0,0,0,0,0,0,0,0,0,0,0,0,0,0,0,0,0,0",2026-04-18 17:48:05.567641
20260418_174715,3,9,AI_Warrior,PVE,CONQUER,HARD,3,9.0,AI selected the center column (Score: 9) to maximize future horizontal and diagonal possibilities.,2,3,"0,0,0,1,0,0,0,0,0,0,2,0,0,0,0,0,0,0,0,0,0,0,0,0,0,0,0,0,0,0,0,0,0,0,0,0,0,0,0,0,0,0",2026-04-18 17:48:05.761605
20260418_174715,3,10,PLAYER,PVE,CONQUER,HARD,3,N/A,N/A,2,3,"0,0,0,1,0,0,0,0,0,0,2,0,0,0,0,0,0,1,0,0,0,0,0,0,0,0,0,0,0,0,0,0,0,0,0,0,0,0,0,0,0,0",2026-04-18 17:48:06.113771
20260418_174715,3,11,AI_Warrior,PVE,CONQUER,HARD,2,14.0,AI calculated 5 steps ahead and selected column 2 for steady strategic positioning.,2,3,"0,0,2,1,0,0,0,0,0,0,2,0,0,0,0,0,0,1,0,0,0,0,0,0,0,0,0,0,0,0,0,0,0,0,0,0,0,0,0,0,0,0",2026-04-18 17:48:06.218908
20260418_174715,3,12,PLAYER,PVE,CONQUER,HARD,2,N/A,N/A,2,3,"0,0,2,1,0,0,0,0,0,1,2,0,0,0,0,0,0,1,0,0,0,0,0,0,0,0,0,0,0,0,0,0,0,0,0,0,0,0,0,0,0,0",2026-04-18 17:48:06.581984
20260418_174715,3,13,AI_Warrior,PVE,CONQUER,HARD,3,17.0,AI selected the center column (Score: 17) to maximize future horizontal and diagonal possibilities.,2,3,"0,0,2,1,0,0,0,0,0,1,2,0,0,0,0,0,0,1,0,0,0,0,0,0,2,0,0,0,0,0,0,0,0,0,0,0,0,0,0,0,0,0",2026-04-18 17:48:06.758229
20260418_174715,3,14,PLAYER,PVE,CONQUER,HARD,4,N/A,N/A,2,3,"0,0,2,1,1,0,0,0,0,1,2,0,0,0,0,0,0,1,0,0,0,0,0,0,2,0,0,0,0,0,0,0,0,0,0,0,0,0,0,0,0,0",2026-04-18 17:48:07.058306
20260418_174715,3,15,AI_Warrior,PVE,CONQUER,HARD,2,20.0,AI calculated 5 steps ahead and selected column 2 for steady strategic positioning.,2,3,"0,0,2,1,1,0,0,0,0,1,2,0,0,0,0,0,2,1,0,0,0,0,0,0,2,0,0,0,0,0,0,0,0,0,0,0,0,0,0,0,0,0",2026-04-18 17:48:07.283912
20260418_174715,3,16,PLAYER,PVE,CONQUER,HARD,2,N/A,N/A,2,3,"0,0,2,1,1,0,0,0,0,1,2,0,0,0,0,0,2,1,0,0,0,0,0,1,2,0,0,0,0,0,0,0,0,0,0,0,0,0,0,0,0,0",2026-04-18 17:48:07.564208
20260418_174715,3,17,AI_Warrior,PVE,CONQUER,HARD,4,21.0,AI calculated 5 steps ahead and selected column 4 for steady strategic positioning.,2,3,"0,0,2,1,1,0,0,0,0,1,2,2,0,0,0,0,2,1,0,0,0,0,0,1,2,0,0,0,0,0,0,0,0,0,0,0,0,0,0,0,0,0",2026-04-18 17:48:07.875104
20260418_174715,3,18,PLAYER,PVE,CONQUER,HARD,4,N/A,N/A,2,3,"0,0,2,1,1,0,0,0,0,1,2,2,0,0,0,0,2,1,1,0,0,0,0,1,2,0,0,0,0,0,0,0,0,0,0,0,0,0,0,0,0,0",2026-04-18 17:48:08.126404
20260418_174715,3,19,AI_Warrior,PVE,CONQUER,HARD,4,21.0,AI calculated 5 steps ahead and selected column 4 for steady strategic positioning.,2,3,"0,0,2,1,1,0,0,0,0,1,2,2,0,0,0,0,2,1,1,0,0,0,0,1,2,2,0,0,0,0,0,0,0,0,0,0,0,0,0,0,0,0",2026-04-18 17:48:08.357350
20260418_174715,3,20,PLAYER,PVE,CONQUER,HARD,2,N/A,N/A,2,3,"0,0,2,1,1,0,0,0,0,1,2,2,0,0,0,0,2,1,1,0,0,0,0,1,2,2,0,0,0,0,1,0,0,0,0,0,0,0,0,0,0,0",2026-04-18 17:48:08.897827
20260418_174715,3,21,AI_Warrior,PVE,CONQUER,HARD,4,28.0,AI calculated 5 steps ahead and selected column 4 for steady strategic positioning.,2,3,"0,0,2,1,1,0,0,0,0,1,2,2,0,0,0,0,2,1,1,0,0,0,0,1,2,2,0,0,0,0,1,0,2,0,0,0,0,0,0,0,0,0",2026-04-18 17:48:09.095270
20260418_174715,3,22,PLAYER,PVE,CONQUER,HARD,4,N/A,N/A,2,3,"0,0,2,1,1,0,0,0,0,1,2,2,0,0,0,0,2,1,1,0,0,0,0,1,2,2,0,0,0,0,1,0,2,0,0,0,0,0,0,1,0,0",2026-04-18 17:48:09.481937
20260418_174715,3,23,AI_Warrior,PVE,CONQUER,HARD,3,34.0,AI selected the center column (Score: 34) to maximize future horizontal and diagonal possibilities.,2,3,"0,0,2,1,1,0,0,0,0,1,2,2,0,0,0,0,2,1,1,0,0,0,0,1,2,2,0,0,0,0,1,2,2,0,0,0,0,0,0,1,0,0",2026-04-18 17:48:09.564884
20260418_174715,3,24,PLAYER,PVE,CONQUER,HARD,2,N/A,N/A,2,3,"0,0,2,1,1,0,0,0,0,1,2,2,0,0,0,0,2,1,1,0,0,0,0,1,2,2,0,0,0,0,1,2,2,0,0,0,0,1,0,1,0,0",2026-04-18 17:48:10.154037
20260418_174715,3,25,AI_Warrior,PVE,CONQUER,HARD,3,35.0,AI selected the center column (Score: 35) to maximize future horizontal and diagonal possibilities.,2,3,"0,0,2,1,1,0,0,0,0,1,2,2,0,0,0,0,2,1,1,0,0,0,0,1,2,2,0,0,0,0,1,2,2,0,0,0,0,1,2,1,0,0",2026-04-18 17:48:10.198237
20260418_174715,3,26,PLAYER,PVE,CONQUER,HARD,1,N/A,N/A,2,3,"0,1,2,1,1,0,0,0,0,1,2,2,0,0,0,0,2,1,1,0,0,0,0,1,2,2,0,0,0,0,1,2,2,0,0,0,0,1,2,1,0,0",2026-04-18 17:48:13.966518
20260418_174715,3,27,AI_Warrior,PVE,CONQUER,HARD,1,100000000000000.0,AI has found a definitive winning move or successfully blocked the opponent's absolute victory!,2,3,"0,1,2,1,1,0,0,0,2,1,2,2,0,0,0,0,2,1,1,0,0,0,0,1,2,2,0,0,0,0,1,2,2,0,0,0,0,1,2,1,0,0",2026-04-18 17:48:13.981304
20260418_174715,3,28,AI_Warrior,PVE,CONQUER,HARD,3,12.0,AI selected the center column (Score: 12) to maximize future horizontal and diagonal possibilities.,1,3,"0,0,0,2,0,0,0,0,0,0,0,0,0,0,0,0,0,0,0,0,0,0,0,0,0,0,0,0,0,0,0,0,0,0,0,0,0,0,0,0,0,0",2026-04-18 17:48:16.675064
20260418_174715,3,29,PLAYER,PVE,CONQUER,HARD,3,N/A,N/A,1,3,"0,0,0,2,0,0,0,0,0,0,1,0,0,0,0,0,0,0,0,0,0,0,0,0,0,0,0,0,0,0,0,0,0,0,0,0,0,0,0,0,0,0",2026-04-18 17:48:17.001019
20260418_174715,3,30,AI_Warrior,PVE,CONQUER,HARD,3,15.0,AI selected the center column (Score: 15) to maximize future horizontal and diagonal possibilities.,1,3,"0,0,0,2,0,0,0,0,0,0,1,0,0,0,0,0,0,2,0,0,0,0,0,0,0,0,0,0,0,0,0,0,0,0,0,0,0,0,0,0,0,0",2026-04-18 17:48:17.179690
20260418_174715,3,31,PLAYER,PVE,CONQUER,HARD,4,N/A,N/A,1,3,"0,0,0,2,1,0,0,0,0,0,1,0,0,0,0,0,0,2,0,0,0,0,0,0,0,0,0,0,0,0,0,0,0,0,0,0,0,0,0,0,0,0",2026-04-18 17:48:17.522083
20260418_174715,3,32,AI_Warrior,PVE,CONQUER,HARD,3,25.0,AI selected the center column (Score: 25) to maximize future horizontal and diagonal possibilities.,1,3,"0,0,0,2,1,0,0,0,0,0,1,0,0,0,0,0,0,2,0,0,0,0,0,0,2,0,0,0,0,0,0,0,0,0,0,0,0,0,0,0,0,0",2026-04-18 17:48:17.694355
20260418_174715,3,33,PLAYER,PVE,CONQUER,HARD,2,N/A,N/A,1,3,"0,0,1,2,1,0,0,0,0,0,1,0,0,0,0,0,0,2,0,0,0,0,0,0,2,0,0,0,0,0,0,0,0,0,0,0,0,0,0,0,0,0",2026-04-18 17:48:18.406819
20260418_174715,3,34,AI_Warrior,PVE,CONQUER,HARD,2,31.0,AI calculated 5 steps ahead and selected column 2 for steady strategic positioning.,1,3,"0,0,1,2,1,0,0,0,0,2,1,0,0,0,0,0,0,2,0,0,0,0,0,0,2,0,0,0,0,0,0,0,0,0,0,0,0,0,0,0,0,0",2026-04-18 17:48:18.593030
20260418_174715,3,35,PLAYER,PVE,CONQUER,HARD,3,N/A,N/A,1,3,"0,0,1,2,1,0,0,0,0,2,1,0,0,0,0,0,0,2,0,0,0,0,0,0,2,0,0,0,0,0,0,1,0,0,0,0,0,0,0,0,0,0",2026-04-18 17:48:19.066588
20260418_174715,3,36,AI_Warrior,PVE,CONQUER,HARD,4,36.0,AI calculated 5 steps ahead and selected column 4 for steady strategic positioning.,1,3,"0,0,1,2,1,0,0,0,0,2,1,2,0,0,0,0,0,2,0,0,0,0,0,0,2,0,0,0,0,0,0,1,0,0,0,0,0,0,0,0,0,0",2026-04-18 17:48:19.226322
20260418_174715,3,37,PLAYER,PVE,CONQUER,HARD,2,N/A,N/A,1,3,"0,0,1,2,1,0,0,0,0,2,1,2,0,0,0,0,1,2,0,0,0,0,0,0,2,0,0,0,0,0,0,1,0,0,0,0,0,0,0,0,0,0",2026-04-18 17:48:20.441517
20260418_174715,3,38,AI_Warrior,PVE,CONQUER,HARD,2,35.0,AI calculated 5 steps ahead and selected column 2 for steady strategic positioning.,1,3,"0,0,1,2,1,0,0,0,0,2,1,2,0,0,0,0,1,2,0,0,0,0,0,2,2,0,0,0,0,0,0,1,0,0,0,0,0,0,0,0,0,0",2026-04-18 17:48:20.702644
20260418_174715,3,39,PLAYER,PVE,CONQUER,HARD,5,N/A,N/A,1,3,"0,0,1,2,1,1,0,0,0,2,1,2,0,0,0,0,1,2,0,0,0,0,0,2,2,0,0,0,0,0,0,1,0,0,0,0,0,0,0,0,0,0",2026-04-18 17:48:22.739274
20260418_174715,3,40,AI_Warrior,PVE,CONQUER,HARD,4,100000000000000.0,AI has found a definitive winning move or successfully blocked the opponent's absolute victory!,1,3,"0,0,1,2,1,1,0,0,0,2,1,2,0,0,0,0,1,2,2,0,0,0,0,2,2,0,0,0,0,0,0,1,0,0,0,0,0,0,0,0,0,0",2026-04-18 17:48:22.985609
20260418_174715,3,41,PLAYER,PVE,CONQUER,HARD,4,N/A,N/A,1,3,"0,0,1,2,1,1,0,0,0,2,1,2,0,0,0,0,1,2,2,0,0,0,0,2,2,1,0,0,0,0,0,1,0,0,0,0,0,0,0,0,0,0",2026-04-18 17:48:25.470217
20260418_174715,3,42,AI_Warrior,PVE,CONQUER,HARD,5,100000000000000.0,AI has found a definitive winning move or successfully blocked the opponent's absolute victory!,1,3,"0,0,1,2,1,1,0,0,0,2,1,2,2,0,0,0,1,2,2,0,0,0,0,2,2,1,0,0,0,0,0,1,0,0,0,0,0,0,0,0,0,0",2026-04-18 17:48:25.718658
20260418_174715,3,43,PLAYER,PVE,CONQUER,HARD,2,N/A,N/A,1,3,"0,0,1,2,1,1,0,0,0,2,1,2,2,0,0,0,1,2,2,0,0,0,0,2,2,1,0,0,0,0,1,1,0,0,0,0,0,0,0,0,0,0",2026-04-18 17:48:28.440063
20260418_174715,3,44,AI_Warrior,PVE,CONQUER,HARD,5,100000000000000.0,AI has found a definitive winning move or successfully blocked the opponent's absolute victory!,1,3,"0,0,1,2,1,1,0,0,0,2,1,2,2,0,0,0,1,2,2,2,0,0,0,2,2,1,0,0,0,0,1,1,0,0,0,0,0,0,0,0,0,0",2026-04-18 17:48:28.969922
20260418_174715,3,45,PLAYER,PVE,CONQUER,HARD,4,N/A,N/A,1,3,"0,0,1,2,1,1,0,0,0,2,1,2,2,0,0,0,1,2,2,2,0,0,0,2,2,1,0,0,0,0,1,1,1,0,0,0,0,0,0,0,0,0",2026-04-18 17:48:33.909275
20260418_174715,3,46,AI_Warrior,PVE,CONQUER,HARD,0,100000000000000.0,AI has found a definitive winning move or successfully blocked the opponent's absolute victory!,1,3,"2,0,1,2,1,1,0,0,0,2,1,2,2,0,0,0,1,2,2,2,0,0,0,2,2,1,0,0,0,0,1,1,1,0,0,0,0,0,0,0,0,0",2026-04-18 17:48:34.020471
20260418_174715,3,47,PLAYER,PVE,CONQUER,HARD,5,N/A,N/A,1,3,"2,0,1,2,1,1,0,0,0,2,1,2,2,0,0,0,1,2,2,2,0,0,0,2,2,1,1,0,0,0,1,1,1,0,0,0,0,0,0,0,0,0",2026-04-18 17:48:43.131228
20260418_174715,3,48,AI_Warrior,PVE,CONQUER,HARD,5,100000000000000.0,AI has found a definitive winning move or successfully blocked the opponent's absolute victory!,1,3,"2,0,1,2,1,1,0,0,0,2,1,2,2,0,0,0,1,2,2,2,0,0,0,2,2,1,1,0,0,0,1,1,1,2,0,0,0,0,0,0,0,0",2026-04-18 17:48:43.409396
20260418_174715,3,49,PLAYER,PVE,CONQUER,HARD,0,N/A,N/A,1,3,"2,0,1,2,1,1,0,1,0,2,1,2,2,0,0,0,1,2,2,2,0,0,0,2,2,1,1,0,0,0,1,1,1,2,0,0,0,0,0,0,0,0",2026-04-18 17:48:56.021286
20260418_174715,3,50,AI_Warrior,PVE,CONQUER,HARD,0,100000000000000.0,AI has found a definitive winning move or successfully blocked the opponent's absolute victory!,1,3,"2,0,1,2,1,1,0,1,0,2,1,2,2,0,2,0,1,2,2,2,0,0,0,2,2,1,1,0,0,0,1,1,1,2,0,0,0,0,0,0,0,0",2026-04-18 17:48:56.128173
20260418_174715,3,51,PLAYER,PVE,CONQUER,HARD,1,N/A,N/A,1,3,"2,1,1,2,1,1,0,1,0,2,1,2,2,0,2,0,1,2,2,2,0,0,0,2,2,1,1,0,0,0,1,1,1,2,0,0,0,0,0,0,0,0",2026-04-18 17:49:00.233151
20260418_174715,3,52,AI_Warrior,PVE,CONQUER,HARD,0,100000000000000.0,AI has found a definitive winning move or successfully blocked the opponent's absolute victory!,1,3,"2,1,1,2,1,1,0,1,0,2,1,2,2,0,2,0,1,2,2,2,0,2,0,2,2,1,1,0,0,0,1,1,1,2,0,0,0,0,0,0,0,0",2026-04-18 17:49:00.262769
20260418_174715,3,53,PLAYER,PVE,CONQUER,HARD,0,N/A,N/A,1,3,"2,1,1,2,1,1,0,1,0,2,1,2,2,0,2,0,1,2,2,2,0,2,0,2,2,1,1,0,1,0,1,1,1,2,0,0,0,0,0,0,0,0",2026-04-18 17:49:04.841202
20260418_174715,3,54,AI_Warrior,PVE,CONQUER,HARD,0,100000000000000.0,AI has found a definitive winning move or successfully blocked the opponent's absolute victory!,1,3,"2,1,1,2,1,1,0,1,0,2,1,2,2,0,2,0,1,2,2,2,0,2,0,2,2,1,1,0,1,0,1,1,1,2,0,2,0,0,0,0,0,0",2026-04-18 17:49:04.860485
20260418_174715,3,55,PLAYER,PVE,CONQUER,HARD,1,N/A,N/A,1,3,"2,1,1,2,1,1,0,1,1,2,1,2,2,0,2,0,1,2,2,2,0,2,0,2,2,1,1,0,1,0,1,1,1,2,0,2,0,0,0,0,0,0",2026-04-18 17:49:14.973505
20260418_174715,3,56,AI_Warrior,PVE,CONQUER,HARD,1,100000000000000.0,AI has found a definitive winning move or successfully blocked the opponent's absolute victory!,1,3,"2,1,1,2,1,1,0,1,1,2,1,2,2,0,2,2,1,2,2,2,0,2,0,2,2,1,1,0,1,0,1,1,1,2,0,2,0,0,0,0,0,0",2026-04-18 17:49:14.982453
20260418_182259,2,1,AI_Warrior,PVE,CLASSIC,HARD,3,12.0,AI selected the center column (Score: 12) to maximize future horizontal and diagonal possibilities.,3,3,"0,0,0,2,0,0,0,0,0,0,0,0,0,0,0,0,0,0,0,0,0,0,0,0,0,0,0,0,0,0,0,0,0,0,0,0,0,0,0,0,0,0",2026-04-18 18:23:10.379265
20260418_182259,2,2,PLAYER,PVE,CLASSIC,HARD,3,N/A,N/A,3,3,"0,0,0,2,0,0,0,0,0,0,1,0,0,0,0,0,0,0,0,0,0,0,0,0,0,0,0,0,0,0,0,0,0,0,0,0,0,0,0,0,0,0",2026-04-18 18:23:10.616819
20260418_182259,2,3,AI_Warrior,PVE,CLASSIC,HARD,3,15.0,AI selected the center column (Score: 15) to maximize future horizontal and diagonal possibilities.,3,3,"0,0,0,2,0,0,0,0,0,0,1,0,0,0,0,0,0,2,0,0,0,0,0,0,0,0,0,0,0,0,0,0,0,0,0,0,0,0,0,0,0,0",2026-04-18 18:23:10.799007
20260418_182259,2,4,PLAYER,PVE,CLASSIC,HARD,4,N/A,N/A,3,3,"0,0,0,2,1,0,0,0,0,0,1,0,0,0,0,0,0,2,0,0,0,0,0,0,0,0,0,0,0,0,0,0,0,0,0,0,0,0,0,0,0,0",2026-04-18 18:23:11.805764
20260418_182259,2,5,AI_Warrior,PVE,CLASSIC,HARD,3,25.0,AI selected the center column (Score: 25) to maximize future horizontal and diagonal possibilities.,3,3,"0,0,0,2,1,0,0,0,0,0,1,0,0,0,0,0,0,2,0,0,0,0,0,0,2,0,0,0,0,0,0,0,0,0,0,0,0,0,0,0,0,0",2026-04-18 18:23:11.980243
20260418_182259,2,6,PLAYER,PVE,CLASSIC,HARD,2,N/A,N/A,3,3,"0,0,1,2,1,0,0,0,0,0,1,0,0,0,0,0,0,2,0,0,0,0,0,0,2,0,0,0,0,0,0,0,0,0,0,0,0,0,0,0,0,0",2026-04-18 18:23:12.598239
20260418_182259,2,7,AI_Warrior,PVE,CLASSIC,HARD,2,31.0,AI calculated 5 steps ahead and selected column 2 for steady strategic positioning.,3,3,"0,0,1,2,1,0,0,0,0,2,1,0,0,0,0,0,0,2,0,0,0,0,0,0,2,0,0,0,0,0,0,0,0,0,0,0,0,0,0,0,0,0",2026-04-18 18:23:12.787265
20260418_182259,2,8,PLAYER,PVE,CLASSIC,HARD,4,N/A,N/A,3,3,"0,0,1,2,1,0,0,0,0,2,1,1,0,0,0,0,0,2,0,0,0,0,0,0,2,0,0,0,0,0,0,0,0,0,0,0,0,0,0,0,0,0",2026-04-18 18:23:13.472226
20260418_182259,2,9,AI_Warrior,PVE,CLASSIC,HARD,2,45.0,AI calculated 5 steps ahead and selected column 2 for steady strategic positioning.,3,3,"0,0,1,2,1,0,0,0,0,2,1,1,0,0,0,0,2,2,0,0,0,0,0,0,2,0,0,0,0,0,0,0,0,0,0,0,0,0,0,0,0,0",2026-04-18 18:23:13.686400
20260418_182259,2,10,PLAYER,PVE,CLASSIC,HARD,2,N/A,N/A,3,3,"0,0,1,2,1,0,0,0,0,2,1,1,0,0,0,0,2,2,0,0,0,0,0,1,2,0,0,0,0,0,0,0,0,0,0,0,0,0,0,0,0,0",2026-04-18 18:23:14.206848
20260418_182259,2,11,AI_Warrior,PVE,CLASSIC,HARD,3,52.0,AI selected the center column (Score: 52) to maximize future horizontal and diagonal possibilities.,3,3,"0,0,1,2,1,0,0,0,0,2,1,1,0,0,0,0,2,2,0,0,0,0,0,1,2,0,0,0,0,0,0,2,0,0,0,0,0,0,0,0,0,0",2026-04-18 18:23:14.401302
20260418_182259,2,12,PLAYER,PVE,CLASSIC,HARD,4,N/A,N/A,3,3,"0,0,1,2,1,0,0,0,0,2,1,1,0,0,0,0,2,2,1,0,0,0,0,1,2,0,0,0,0,0,0,2,0,0,0,0,0,0,0,0,0,0",2026-04-18 18:23:14.899011
20260418_182259,2,13,AI_Warrior,PVE,CLASSIC,HARD,3,100000000000000.0,AI has found a definitive winning move or successfully blocked the opponent's absolute victory!,3,3,"0,0,1,2,1,0,0,0,0,2,1,1,0,0,0,0,2,2,1,0,0,0,0,1,2,0,0,0,0,0,0,2,0,0,0,0,0,0,2,0,0,0",2026-04-18 18:23:14.955099
20260425_134659,2,1,PLAYER,PVE,CLASSIC,HARD,3,N/A,N/A,3,3,"0,0,0,1,0,0,0,0,0,0,0,0,0,0,0,0,0,0,0,0,0,0,0,0,0,0,0,0,0,0,0,0,0,0,0,0,0,0,0,0,0,0",2026-04-25 13:47:18.795697
20260425_134659,2,2,AI_Warrior,PVE,CLASSIC,HARD,3,9.0,AI selected the center column (Score: 9) to maximize future horizontal and diagonal possibilities.,3,3,"0,0,0,1,0,0,0,0,0,0,2,0,0,0,0,0,0,0,0,0,0,0,0,0,0,0,0,0,0,0,0,0,0,0,0,0,0,0,0,0,0,0",2026-04-25 13:47:18.985046
20260425_134659,2,3,PLAYER,PVE,CLASSIC,HARD,2,N/A,N/A,3,3,"0,0,1,1,0,0,0,0,0,0,2,0,0,0,0,0,0,0,0,0,0,0,0,0,0,0,0,0,0,0,0,0,0,0,0,0,0,0,0,0,0,0",2026-04-25 13:47:20.891172
20260425_134659,2,4,AI_Warrior,PVE,CLASSIC,HARD,4,10.0,AI calculated 5 steps ahead and selected column 4 for steady strategic positioning.,3,3,"0,0,1,1,2,0,0,0,0,0,2,0,0,0,0,0,0,0,0,0,0,0,0,0,0,0,0,0,0,0,0,0,0,0,0,0,0,0,0,0,0,0",2026-04-25 13:47:21.026563
20260425_134659,2,5,PLAYER,PVE,CLASSIC,HARD,2,N/A,N/A,3,3,"0,0,1,1,2,0,0,0,0,1,2,0,0,0,0,0,0,0,0,0,0,0,0,0,0,0,0,0,0,0,0,0,0,0,0,0,0,0,0,0,0,0",2026-04-25 13:47:23.330799
20260425_134659,2,6,AI_Warrior,PVE,CLASSIC,HARD,2,17.0,AI calculated 5 steps ahead and selected column 2 for steady strategic positioning.,3,3,"0,0,1,1,2,0,0,0,0,1,2,0,0,0,0,0,2,0,0,0,0,0,0,0,0,0,0,0,0,0,0,0,0,0,0,0,0,0,0,0,0,0",2026-04-25 13:47:23.431922
20260425_134659,2,7,PLAYER,PVE,CLASSIC,HARD,1,N/A,N/A,3,3,"0,1,1,1,2,0,0,0,0,1,2,0,0,0,0,0,2,0,0,0,0,0,0,0,0,0,0,0,0,0,0,0,0,0,0,0,0,0,0,0,0,0",2026-04-25 13:47:27.475508
20260425_134659,2,8,AI_Warrior,PVE,CLASSIC,HARD,0,19.0,AI calculated 5 steps ahead and selected column 0 for steady strategic positioning.,3,3,"2,1,1,1,2,0,0,0,0,1,2,0,0,0,0,0,2,0,0,0,0,0,0,0,0,0,0,0,0,0,0,0,0,0,0,0,0,0,0,0,0,0",2026-04-25 13:47:27.514279
20260425_134659,2,9,PLAYER,PVE,CLASSIC,HARD,0,N/A,N/A,3,3,"2,1,1,1,2,0,0,1,0,1,2,0,0,0,0,0,2,0,0,0,0,0,0,0,0,0,0,0,0,0,0,0,0,0,0,0,0,0,0,0,0,0",2026-04-25 13:47:29.306863
20260425_134659,2,10,AI_Warrior,PVE,CLASSIC,HARD,3,32.0,AI selected the center column (Score: 32) to maximize future horizontal and diagonal possibilities.,3,3,"2,1,1,1,2,0,0,1,0,1,2,0,0,0,0,0,2,2,0,0,0,0,0,0,0,0,0,0,0,0,0,0,0,0,0,0,0,0,0,0,0,0",2026-04-25 13:47:29.464567
20260425_134659,2,11,PLAYER,PVE,CLASSIC,HARD,0,N/A,N/A,3,3,"2,1,1,1,2,0,0,1,0,1,2,0,0,0,1,0,2,2,0,0,0,0,0,0,0,0,0,0,0,0,0,0,0,0,0,0,0,0,0,0,0,0",2026-04-25 13:47:33.685054
20260425_134659,2,12,AI_Warrior,PVE,CLASSIC,HARD,3,100000000000000.0,AI has found a definitive winning move or successfully blocked the opponent's absolute victory!,3,3,"2,1,1,1,2,0,0,1,0,1,2,0,0,0,1,0,2,2,0,0,0,0,0,0,2,0,0,0,0,0,0,0,0,0,0,0,0,0,0,0,0,0",2026-04-25 13:47:33.785539
20260425_134659,2,13,PLAYER,PVE,CLASSIC,HARD,3,N/A,N/A,3,3,"2,1,1,1,2,0,0,1,0,1,2,0,0,0,1,0,2,2,0,0,0,0,0,0,2,0,0,0,0,0,0,1,0,0,0,0,0,0,0,0,0,0",2026-04-25 13:47:35.274951
20260425_134659,2,14,AI_Warrior,PVE,CLASSIC,HARD,1,100000000000000.0,AI has found a definitive winning move or successfully blocked the opponent's absolute victory!,3,3,"2,1,1,1,2,0,0,1,2,1,2,0,0,0,1,0,2,2,0,0,0,0,0,0,2,0,0,0,0,0,0,1,0,0,0,0,0,0,0,0,0,0",2026-04-25 13:47:35.302708
20260425_134659,3,1,PLAYER,PVE,CLASSIC,HARD,3,N/A,N/A,3,3,"0,0,0,1,0,0,0,0,0,0,0,0,0,0,0,0,0,0,0,0,0,0,0,0,0,0,0,0,0,0,0,0,0,0,0,0,0,0,0,0,0,0",2026-04-25 13:48:08.018851
20260425_134659,3,2,AI_Warrior,PVE,CLASSIC,HARD,3,9.0,AI selected the center column (Score: 9) to maximize future horizontal and diagonal possibilities.,3,3,"0,0,0,1,0,0,0,0,0,0,2,0,0,0,0,0,0,0,0,0,0,0,0,0,0,0,0,0,0,0,0,0,0,0,0,0,0,0,0,0,0,0",2026-04-25 13:48:08.211751
20260425_134659,3,3,PLAYER,PVE,CLASSIC,HARD,4,N/A,N/A,3,3,"0,0,0,1,1,0,0,0,0,0,2,0,0,0,0,0,0,0,0,0,0,0,0,0,0,0,0,0,0,0,0,0,0,0,0,0,0,0,0,0,0,0",2026-04-25 13:48:08.886348
20260425_134659,3,4,AI_Warrior,PVE,CLASSIC,HARD,2,10.0,AI calculated 5 steps ahead and selected column 2 for steady strategic positioning.,3,3,"0,0,2,1,1,0,0,0,0,0,2,0,0,0,0,0,0,0,0,0,0,0,0,0,0,0,0,0,0,0,0,0,0,0,0,0,0,0,0,0,0,0",2026-04-25 13:48:09.107293
20260425_134659,3,5,PLAYER,PVE,CLASSIC,HARD,2,N/A,N/A,3,3,"0,0,2,1,1,0,0,0,0,1,2,0,0,0,0,0,0,0,0,0,0,0,0,0,0,0,0,0,0,0,0,0,0,0,0,0,0,0,0,0,0,0",2026-04-25 13:48:09.861948
20260425_134659,3,6,AI_Warrior,PVE,CLASSIC,HARD,2,16.0,AI calculated 5 steps ahead and selected column 2 for steady strategic positioning.,3,3,"0,0,2,1,1,0,0,0,0,1,2,0,0,0,0,0,2,0,0,0,0,0,0,0,0,0,0,0,0,0,0,0,0,0,0,0,0,0,0,0,0,0",2026-04-25 13:48:10.157366
20260425_134659,3,7,PLAYER,PVE,CLASSIC,HARD,1,N/A,N/A,3,3,"0,1,2,1,1,0,0,0,0,1,2,0,0,0,0,0,2,0,0,0,0,0,0,0,0,0,0,0,0,0,0,0,0,0,0,0,0,0,0,0,0,0",2026-04-25 13:48:10.662390
20260425_134659,3,8,AI_Warrior,PVE,CLASSIC,HARD,3,22.0,AI selected the center column (Score: 22) to maximize future horizontal and diagonal possibilities.,3,3,"0,1,2,1,1,0,0,0,0,1,2,0,0,0,0,0,2,2,0,0,0,0,0,0,0,0,0,0,0,0,0,0,0,0,0,0,0,0,0,0,0,0",2026-04-25 13:48:10.957715
20260425_134659,3,9,PLAYER,PVE,CLASSIC,HARD,4,N/A,N/A,3,3,"0,1,2,1,1,0,0,0,0,1,2,1,0,0,0,0,2,2,0,0,0,0,0,0,0,0,0,0,0,0,0,0,0,0,0,0,0,0,0,0,0,0",2026-04-25 13:48:11.584926
20260425_134659,3,10,AI_Warrior,PVE,CLASSIC,HARD,3,48.0,AI selected the center column (Score: 48) to maximize future horizontal and diagonal possibilities.,3,3,"0,1,2,1,1,0,0,0,0,1,2,1,0,0,0,0,2,2,0,0,0,0,0,0,2,0,0,0,0,0,0,0,0,0,0,0,0,0,0,0,0,0",2026-04-25 13:48:11.844745
20260425_134659,3,11,PLAYER,PVE,CLASSIC,HARD,3,N/A,N/A,3,3,"0,1,2,1,1,0,0,0,0,1,2,1,0,0,0,0,2,2,0,0,0,0,0,0,2,0,0,0,0,0,0,1,0,0,0,0,0,0,0,0,0,0",2026-04-25 13:48:12.926128
20260425_134659,3,12,AI_Warrior,PVE,CLASSIC,HARD,4,48.0,AI calculated 5 steps ahead and selected column 4 for steady strategic positioning.,3,3,"0,1,2,1,1,0,0,0,0,1,2,1,0,0,0,0,2,2,2,0,0,0,0,0,2,0,0,0,0,0,0,1,0,0,0,0,0,0,0,0,0,0",2026-04-25 13:48:13.064598
20260425_134659,3,13,PLAYER,PVE,CLASSIC,HARD,1,N/A,N/A,3,3,"0,1,2,1,1,0,0,0,1,1,2,1,0,0,0,0,2,2,2,0,0,0,0,0,2,0,0,0,0,0,0,1,0,0,0,0,0,0,0,0,0,0",2026-04-25 13:48:15.551982
20260425_134659,3,14,AI_Warrior,PVE,CLASSIC,HARD,1,100000000000000.0,AI has found a definitive winning move or successfully blocked the opponent's absolute victory!,3,3,"0,1,2,1,1,0,0,0,1,1,2,1,0,0,0,2,2,2,2,0,0,0,0,0,2,0,0,0,0,0,0,1,0,0,0,0,0,0,0,0,0,0",2026-04-25 13:48:15.585827
20260425_134659,4,1,PLAYER,PVE,CONQUER,HARD,3,N/A,N/A,3,3,"0,0,0,1,0,0,0,0,0,0,0,0,0,0,0,0,0,0,0,0,0,0,0,0,0,0,0,0,0,0,0,0,0,0,0,0,0,0,0,0,0,0",2026-04-25 13:48:37.821926
20260425_134659,4,2,AI_Warrior,PVE,CONQUER,HARD,3,9.0,AI selected the center column (Score: 9) to maximize future horizontal and diagonal possibilities.,3,3,"0,0,0,1,0,0,0,0,0,0,2,0,0,0,0,0,0,0,0,0,0,0,0,0,0,0,0,0,0,0,0,0,0,0,0,0,0,0,0,0,0,0",2026-04-25 13:48:38.016700
20260425_134659,4,3,PLAYER,PVE,CONQUER,HARD,2,N/A,N/A,3,3,"0,0,1,1,0,0,0,0,0,0,2,0,0,0,0,0,0,0,0,0,0,0,0,0,0,0,0,0,0,0,0,0,0,0,0,0,0,0,0,0,0,0",2026-04-25 13:48:45.629634
20260425_134659,4,4,AI_Warrior,PVE,CONQUER,HARD,4,10.0,AI calculated 5 steps ahead and selected column 4 for steady strategic positioning.,3,3,"0,0,1,1,2,0,0,0,0,0,2,0,0,0,0,0,0,0,0,0,0,0,0,0,0,0,0,0,0,0,0,0,0,0,0,0,0,0,0,0,0,0",2026-04-25 13:48:45.766414
20260425_134659,4,5,PLAYER,PVE,CONQUER,HARD,4,N/A,N/A,3,3,"0,0,1,1,2,0,0,0,0,0,2,1,0,0,0,0,0,0,0,0,0,0,0,0,0,0,0,0,0,0,0,0,0,0,0,0,0,0,0,0,0,0",2026-04-25 13:48:50.061900
20260425_134659,4,6,AI_Warrior,PVE,CONQUER,HARD,3,16.0,AI selected the center column (Score: 16) to maximize future horizontal and diagonal possibilities.,3,3,"0,0,1,1,2,0,0,0,0,0,2,1,0,0,0,0,0,2,0,0,0,0,0,0,0,0,0,0,0,0,0,0,0,0,0,0,0,0,0,0,0,0",2026-04-25 13:48:50.196432
20260425_134659,4,7,PLAYER,PVE,CONQUER,HARD,4,N/A,N/A,3,3,"0,0,1,1,2,0,0,0,0,0,2,1,0,0,0,0,0,2,1,0,0,0,0,0,0,0,0,0,0,0,0,0,0,0,0,0,0,0,0,0,0,0",2026-04-25 13:48:52.939739
20260425_134659,4,8,AI_Warrior,PVE,CONQUER,HARD,3,24.0,AI selected the center column (Score: 24) to maximize future horizontal and diagonal possibilities.,3,3,"0,0,1,1,2,0,0,0,0,0,2,1,0,0,0,0,0,2,1,0,0,0,0,0,2,0,0,0,0,0,0,0,0,0,0,0,0,0,0,0,0,0",2026-04-25 13:48:53.084006
20260425_134659,4,9,PLAYER,PVE,CONQUER,HARD,3,N/A,N/A,3,3,"0,0,1,1,2,0,0,0,0,0,2,1,0,0,0,0,0,2,1,0,0,0,0,0,2,0,0,0,0,0,0,1,0,0,0,0,0,0,0,0,0,0",2026-04-25 13:48:54.155475
20260425_134659,4,10,AI_Warrior,PVE,CONQUER,HARD,4,24.0,AI calculated 5 steps ahead and selected column 4 for steady strategic positioning.,3,3,"0,0,1,1,2,0,0,0,0,0,2,1,0,0,0,0,0,2,1,0,0,0,0,0,2,2,0,0,0,0,0,1,0,0,0,0,0,0,0,0,0,0",2026-04-25 13:48:54.286101
20260425_134659,4,11,PLAYER,PVE,CONQUER,HARD,1,N/A,N/A,3,3,"0,1,1,1,2,0,0,0,0,0,2,1,0,0,0,0,0,2,1,0,0,0,0,0,2,2,0,0,0,0,0,1,0,0,0,0,0,0,0,0,0,0",2026-04-25 13:49:03.243311
20260425_134659,4,12,AI_Warrior,PVE,CONQUER,HARD,0,32.0,AI calculated 5 steps ahead and selected column 0 for steady strategic positioning.,3,3,"2,1,1,1,2,0,0,0,0,0,2,1,0,0,0,0,0,2,1,0,0,0,0,0,2,2,0,0,0,0,0,1,0,0,0,0,0,0,0,0,0,0",2026-04-25 13:49:03.275599
20260425_134659,4,13,PLAYER,PVE,CONQUER,HARD,1,N/A,N/A,3,3,"2,1,1,1,2,0,0,0,1,0,2,1,0,0,0,0,0,2,1,0,0,0,0,0,2,2,0,0,0,0,0,1,0,0,0,0,0,0,0,0,0,0",2026-04-25 13:49:07.245093
20260425_134659,4,14,AI_Warrior,PVE,CONQUER,HARD,2,33.0,AI calculated 5 steps ahead and selected column 2 for steady strategic positioning.,3,3,"2,1,1,1,2,0,0,0,1,2,2,1,0,0,0,0,0,2,1,0,0,0,0,0,2,2,0,0,0,0,0,1,0,0,0,0,0,0,0,0,0,0",2026-04-25 13:49:07.343803
20260425_134659,4,15,PLAYER,PVE,CONQUER,HARD,1,N/A,N/A,3,3,"2,1,1,1,2,0,0,0,1,2,2,1,0,0,0,1,0,2,1,0,0,0,0,0,2,2,0,0,0,0,0,1,0,0,0,0,0,0,0,0,0,0",2026-04-25 13:49:11.137156
20260425_134659,4,16,AI_Warrior,PVE,CONQUER,HARD,1,100000000000000.0,AI has found a definitive winning move or successfully blocked the opponent's absolute victory!,3,3,"2,1,1,1,2,0,0,0,1,2,2,1,0,0,0,1,0,2,1,0,0,0,2,0,2,2,0,0,0,0,0,1,0,0,0,0,0,0,0,0,0,0",2026-04-25 13:49:11.186970
20260425_134659,4,17,PLAYER,PVE,CONQUER,HARD,0,N/A,N/A,3,3,"2,1,1,1,2,0,0,1,1,2,2,1,0,0,0,1,0,2,1,0,0,0,2,0,2,2,0,0,0,0,0,1,0,0,0,0,0,0,0,0,0,0",2026-04-25 13:49:14.359122
20260425_134659,4,18,AI_Warrior,PVE,CONQUER,HARD,0,100000000000000.0,AI has found a definitive winning move or successfully blocked the opponent's absolute victory!,3,3,"2,1,1,1,2,0,0,1,1,2,2,1,0,0,2,1,0,2,1,0,0,0,2,0,2,2,0,0,0,0,0,1,0,0,0,0,0,0,0,0,0,0",2026-04-25 13:49:14.397871
20260425_134659,4,19,PLAYER,PVE,CONQUER,HARD,0,N/A,N/A,3,3,"2,1,1,1,2,0,0,1,1,2,2,1,0,0,2,1,0,2,1,0,0,1,2,0,2,2,0,0,0,0,0,1,0,0,0,0,0,0,0,0,0,0",2026-04-25 13:49:20.116990
20260425_134659,4,20,AI_Warrior,PVE,CONQUER,HARD,0,100000000000000.0,AI has found a definitive winning move or successfully blocked the opponent's absolute victory!,3,3,"2,1,1,1,2,0,0,1,1,2,2,1,0,0,2,1,0,2,1,0,0,1,2,0,2,2,0,0,2,0,0,1,0,0,0,0,0,0,0,0,0,0",2026-04-25 13:49:20.151367
20260425_134659,4,21,PLAYER,PVE,CONQUER,HARD,0,N/A,N/A,3,3,"2,1,1,1,2,0,0,1,1,2,2,1,0,0,2,1,0,2,1,0,0,1,2,0,2,2,0,0,2,0,0,1,0,0,0,1,0,0,0,0,0,0",2026-04-25 13:49:26.669437
20260425_134659,4,22,AI_Warrior,PVE,CONQUER,HARD,1,100000000000000.0,AI has found a definitive winning move or successfully blocked the opponent's absolute victory!,3,3,"2,1,1,1,2,0,0,1,1,2,2,1,0,0,2,1,0,2,1,0,0,1,2,0,2,2,0,0,2,2,0,1,0,0,0,1,0,0,0,0,0,0",2026-04-25 13:49:26.695191
20260425_134659,4,23,PLAYER,PVE,CONQUER,HARD,2,N/A,N/A,3,3,"2,1,1,1,2,0,0,1,1,2,2,1,0,0,2,1,1,2,1,0,0,1,2,0,2,2,0,0,2,2,0,1,0,0,0,1,0,0,0,0,0,0",2026-04-25 13:50:03.723079
20260425_134659,4,24,AI_Warrior,PVE,CONQUER,HARD,2,100000000000000.0,AI has found a definitive winning move or successfully blocked the opponent's absolute victory!,3,3,"2,1,1,1,2,0,0,1,1,2,2,1,0,0,2,1,1,2,1,0,0,1,2,2,2,2,0,0,2,2,0,1,0,0,0,1,0,0,0,0,0,0",2026-04-25 13:50:03.729089
20260425_134659,4,25,AI_Warrior,PVE,CONQUER,HARD,3,12.0,AI selected the center column (Score: 12) to maximize future horizontal and diagonal possibilities.,2,3,"0,0,0,2,0,0,0,0,0,0,0,0,0,0,0,0,0,0,0,0,0,0,0,0,0,0,0,0,0,0,0,0,0,0,0,0,0,0,0,0,0,0",2026-04-25 13:50:06.420903
20260425_134659,4,26,PLAYER,PVE,CONQUER,HARD,3,N/A,N/A,2,3,"0,0,0,2,0,0,0,0,0,0,1,0,0,0,0,0,0,0,0,0,0,0,0,0,0,0,0,0,0,0,0,0,0,0,0,0,0,0,0,0,0,0",2026-04-25 13:50:09.580191
20260425_134659,4,27,AI_Warrior,PVE,CONQUER,HARD,3,15.0,AI selected the center column (Score: 15) to maximize future horizontal and diagonal possibilities.,2,3,"0,0,0,2,0,0,0,0,0,0,1,0,0,0,0,0,0,2,0,0,0,0,0,0,0,0,0,0,0,0,0,0,0,0,0,0,0,0,0,0,0,0",2026-04-25 13:50:09.761483
20260425_134659,4,28,PLAYER,PVE,CONQUER,HARD,4,N/A,N/A,2,3,"0,0,0,2,1,0,0,0,0,0,1,0,0,0,0,0,0,2,0,0,0,0,0,0,0,0,0,0,0,0,0,0,0,0,0,0,0,0,0,0,0,0",2026-04-25 13:50:11.258598
20260425_134659,4,29,AI_Warrior,PVE,CONQUER,HARD,3,25.0,AI selected the center column (Score: 25) to maximize future horizontal and diagonal possibilities.,2,3,"0,0,0,2,1,0,0,0,0,0,1,0,0,0,0,0,0,2,0,0,0,0,0,0,2,0,0,0,0,0,0,0,0,0,0,0,0,0,0,0,0,0",2026-04-25 13:50:11.435154
20260425_134659,4,30,PLAYER,PVE,CONQUER,HARD,2,N/A,N/A,2,3,"0,0,1,2,1,0,0,0,0,0,1,0,0,0,0,0,0,2,0,0,0,0,0,0,2,0,0,0,0,0,0,0,0,0,0,0,0,0,0,0,0,0",2026-04-25 13:50:12.396447
20260425_134659,4,31,AI_Warrior,PVE,CONQUER,HARD,2,31.0,AI calculated 5 steps ahead and selected column 2 for steady strategic positioning.,2,3,"0,0,1,2,1,0,0,0,0,2,1,0,0,0,0,0,0,2,0,0,0,0,0,0,2,0,0,0,0,0,0,0,0,0,0,0,0,0,0,0,0,0",2026-04-25 13:50:12.583335
20260425_134659,4,32,PLAYER,PVE,CONQUER,HARD,2,N/A,N/A,2,3,"0,0,1,2,1,0,0,0,0,2,1,0,0,0,0,0,1,2,0,0,0,0,0,0,2,0,0,0,0,0,0,0,0,0,0,0,0,0,0,0,0,0",2026-04-25 13:50:17.912956
20260425_134659,4,33,AI_Warrior,PVE,CONQUER,HARD,2,36.0,AI calculated 5 steps ahead and selected column 2 for steady strategic positioning.,2,3,"0,0,1,2,1,0,0,0,0,2,1,0,0,0,0,0,1,2,0,0,0,0,0,2,2,0,0,0,0,0,0,0,0,0,0,0,0,0,0,0,0,0",2026-04-25 13:50:18.134967
20260425_134659,4,34,PLAYER,PVE,CONQUER,HARD,4,N/A,N/A,2,3,"0,0,1,2,1,0,0,0,0,2,1,1,0,0,0,0,1,2,0,0,0,0,0,2,2,0,0,0,0,0,0,0,0,0,0,0,0,0,0,0,0,0",2026-04-25 13:50:20.322027
20260425_134659,4,35,AI_Warrior,PVE,CONQUER,HARD,3,44.0,AI selected the center column (Score: 44) to maximize future horizontal and diagonal possibilities.,2,3,"0,0,1,2,1,0,0,0,0,2,1,1,0,0,0,0,1,2,0,0,0,0,0,2,2,0,0,0,0,0,0,2,0,0,0,0,0,0,0,0,0,0",2026-04-25 13:50:20.569571
20260425_134659,4,36,PLAYER,PVE,CONQUER,HARD,3,N/A,N/A,2,3,"0,0,1,2,1,0,0,0,0,2,1,1,0,0,0,0,1,2,0,0,0,0,0,2,2,0,0,0,0,0,0,2,0,0,0,0,0,0,1,0,0,0",2026-04-25 13:50:21.454059
20260425_134659,4,37,AI_Warrior,PVE,CONQUER,HARD,2,44.0,AI calculated 5 steps ahead and selected column 2 for steady strategic positioning.,2,3,"0,0,1,2,1,0,0,0,0,2,1,1,0,0,0,0,1,2,0,0,0,0,0,2,2,0,0,0,0,0,2,2,0,0,0,0,0,0,1,0,0,0",2026-04-25 13:50:21.585494
20260425_134659,4,38,PLAYER,PVE,CONQUER,HARD,1,N/A,N/A,2,3,"0,1,1,2,1,0,0,0,0,2,1,1,0,0,0,0,1,2,0,0,0,0,0,2,2,0,0,0,0,0,2,2,0,0,0,0,0,0,1,0,0,0",2026-04-25 13:50:26.594581
20260425_134659,4,39,AI_Warrior,PVE,CONQUER,HARD,4,47.0,AI calculated 5 steps ahead and selected column 4 for steady strategic positioning.,2,3,"0,1,1,2,1,0,0,0,0,2,1,1,0,0,0,0,1,2,2,0,0,0,0,2,2,0,0,0,0,0,2,2,0,0,0,0,0,0,1,0,0,0",2026-04-25 13:50:26.714699
20260425_134659,4,40,PLAYER,PVE,CONQUER,HARD,4,N/A,N/A,2,3,"0,1,1,2,1,0,0,0,0,2,1,1,0,0,0,0,1,2,2,0,0,0,0,2,2,1,0,0,0,0,2,2,0,0,0,0,0,0,1,0,0,0",2026-04-25 13:50:33.800629
20260425_134659,4,41,AI_Warrior,PVE,CONQUER,HARD,4,44.0,AI calculated 5 steps ahead and selected column 4 for steady strategic positioning.,2,3,"0,1,1,2,1,0,0,0,0,2,1,1,0,0,0,0,1,2,2,0,0,0,0,2,2,1,0,0,0,0,2,2,2,0,0,0,0,0,1,0,0,0",2026-04-25 13:50:33.926203
20260425_134659,4,42,PLAYER,PVE,CONQUER,HARD,1,N/A,N/A,2,3,"0,1,1,2,1,0,0,0,1,2,1,1,0,0,0,0,1,2,2,0,0,0,0,2,2,1,0,0,0,0,2,2,2,0,0,0,0,0,1,0,0,0",2026-04-25 13:50:36.221138
20260425_134659,4,43,AI_Warrior,PVE,CONQUER,HARD,4,100000000000000.0,AI has found a definitive winning move or successfully blocked the opponent's absolute victory!,2,3,"0,1,1,2,1,0,0,0,1,2,1,1,0,0,0,0,1,2,2,0,0,0,0,2,2,1,0,0,0,0,2,2,2,0,0,0,0,0,1,2,0,0",2026-04-25 13:50:36.268569
20260425_134659,4,44,PLAYER,PVE,CONQUER,HARD,1,N/A,N/A,2,3,"0,1,1,2,1,0,0,0,1,2,1,1,0,0,0,1,1,2,2,0,0,0,0,2,2,1,0,0,0,0,2,2,2,0,0,0,0,0,1,2,0,0",2026-04-25 13:50:43.742072
20260425_134659,4,45,AI_Warrior,PVE,CONQUER,HARD,1,100000000000000.0,AI has found a definitive winning move or successfully blocked the opponent's absolute victory!,2,3,"0,1,1,2,1,0,0,0,1,2,1,1,0,0,0,1,1,2,2,0,0,0,2,2,2,1,0,0,0,0,2,2,2,0,0,0,0,0,1,2,0,0",2026-04-25 13:50:43.760960
20260425_134659,4,46,PLAYER,PVE,CONQUER,HARD,0,N/A,N/A,2,3,"1,1,1,2,1,0,0,0,1,2,1,1,0,0,0,1,1,2,2,0,0,0,2,2,2,1,0,0,0,0,2,2,2,0,0,0,0,0,1,2,0,0",2026-04-25 13:50:47.499051
20260425_134659,4,47,AI_Warrior,PVE,CONQUER,HARD,0,100000000000000.0,AI has found a definitive winning move or successfully blocked the opponent's absolute victory!,2,3,"1,1,1,2,1,0,0,2,1,2,1,1,0,0,0,1,1,2,2,0,0,0,2,2,2,1,0,0,0,0,2,2,2,0,0,0,0,0,1,2,0,0",2026-04-25 13:50:47.512625
20260425_134659,4,48,PLAYER,PVE,CONQUER,HARD,1,N/A,N/A,2,3,"1,1,1,2,1,0,0,2,1,2,1,1,0,0,0,1,1,2,2,0,0,0,2,2,2,1,0,0,0,1,2,2,2,0,0,0,0,0,1,2,0,0",2026-04-25 13:50:52.684110
20260425_134659,4,49,AI_Warrior,PVE,CONQUER,HARD,0,100000000000000.0,AI has found a definitive winning move or successfully blocked the opponent's absolute victory!,2,3,"1,1,1,2,1,0,0,2,1,2,1,1,0,0,2,1,1,2,2,0,0,0,2,2,2,1,0,0,0,1,2,2,2,0,0,0,0,0,1,2,0,0",2026-04-25 13:50:52.694330
20260425_134659,4,50,PLAYER,PVE,CONQUER,HARD,0,N/A,N/A,2,3,"1,1,1,2,1,0,0,2,1,2,1,1,0,0,2,1,1,2,2,0,0,1,2,2,2,1,0,0,0,1,2,2,2,0,0,0,0,0,1,2,0,0",2026-04-25 13:50:57.482833
20260425_134659,4,51,AI_Warrior,PVE,CONQUER,HARD,1,100000000000000.0,AI has found a definitive winning move or successfully blocked the opponent's absolute victory!,2,3,"1,1,1,2,1,0,0,2,1,2,1,1,0,0,2,1,1,2,2,0,0,1,2,2,2,1,0,0,0,1,2,2,2,0,0,0,2,0,1,2,0,0",2026-04-25 13:50:57.504485
20260425_134659,4,52,PLAYER,PVE,CONQUER,HARD,3,N/A,N/A,1,3,"0,0,0,1,0,0,0,0,0,0,0,0,0,0,0,0,0,0,0,0,0,0,0,0,0,0,0,0,0,0,0,0,0,0,0,0,0,0,0,0,0,0",2026-04-25 13:51:01.943696
20260425_134659,4,53,AI_Warrior,PVE,CONQUER,HARD,3,9.0,AI selected the center column (Score: 9) to maximize future horizontal and diagonal possibilities.,1,3,"0,0,0,1,0,0,0,0,0,0,2,0,0,0,0,0,0,0,0,0,0,0,0,0,0,0,0,0,0,0,0,0,0,0,0,0,0,0,0,0,0,0",2026-04-25 13:51:02.137329
20260425_134659,4,54,PLAYER,PVE,CONQUER,HARD,4,N/A,N/A,1,3,"0,0,0,1,1,0,0,0,0,0,2,0,0,0,0,0,0,0,0,0,0,0,0,0,0,0,0,0,0,0,0,0,0,0,0,0,0,0,0,0,0,0",2026-04-25 13:51:03.394620
20260425_134659,4,55,AI_Warrior,PVE,CONQUER,HARD,2,10.0,AI calculated 5 steps ahead and selected column 2 for steady strategic positioning.,1,3,"0,0,2,1,1,0,0,0,0,0,2,0,0,0,0,0,0,0,0,0,0,0,0,0,0,0,0,0,0,0,0,0,0,0,0,0,0,0,0,0,0,0",2026-04-25 13:51:03.612439
20260425_134659,4,56,PLAYER,PVE,CONQUER,HARD,4,N/A,N/A,1,3,"0,0,2,1,1,0,0,0,0,0,2,1,0,0,0,0,0,0,0,0,0,0,0,0,0,0,0,0,0,0,0,0,0,0,0,0,0,0,0,0,0,0",2026-04-25 13:51:06.007488
20260425_134659,4,57,AI_Warrior,PVE,CONQUER,HARD,4,17.0,AI calculated 5 steps ahead and selected column 4 for steady strategic positioning.,1,3,"0,0,2,1,1,0,0,0,0,0,2,1,0,0,0,0,0,0,2,0,0,0,0,0,0,0,0,0,0,0,0,0,0,0,0,0,0,0,0,0,0,0",2026-04-25 13:51:06.449432
20260425_134659,4,58,PLAYER,PVE,CONQUER,HARD,3,N/A,N/A,1,3,"0,0,2,1,1,0,0,0,0,0,2,1,0,0,0,0,0,1,2,0,0,0,0,0,0,0,0,0,0,0,0,0,0,0,0,0,0,0,0,0,0,0",2026-04-25 13:51:13.847511
20260425_134659,4,59,AI_Warrior,PVE,CONQUER,HARD,3,19.0,AI selected the center column (Score: 19) to maximize future horizontal and diagonal possibilities.,1,3,"0,0,2,1,1,0,0,0,0,0,2,1,0,0,0,0,0,1,2,0,0,0,0,0,2,0,0,0,0,0,0,0,0,0,0,0,0,0,0,0,0,0",2026-04-25 13:51:14.221472
20260425_134659,4,60,PLAYER,PVE,CONQUER,HARD,2,N/A,N/A,1,3,"0,0,2,1,1,0,0,0,0,1,2,1,0,0,0,0,0,1,2,0,0,0,0,0,2,0,0,0,0,0,0,0,0,0,0,0,0,0,0,0,0,0",2026-04-25 13:51:15.773416
20260425_134659,4,61,AI_Warrior,PVE,CONQUER,HARD,4,27.0,AI calculated 5 steps ahead and selected column 4 for steady strategic positioning.,1,3,"0,0,2,1,1,0,0,0,0,1,2,1,0,0,0,0,0,1,2,0,0,0,0,0,2,2,0,0,0,0,0,0,0,0,0,0,0,0,0,0,0,0",2026-04-25 13:51:16.159196
20260425_134659,4,62,PLAYER,PVE,CONQUER,HARD,2,N/A,N/A,1,3,"0,0,2,1,1,0,0,0,0,1,2,1,0,0,0,0,1,1,2,0,0,0,0,0,2,2,0,0,0,0,0,0,0,0,0,0,0,0,0,0,0,0",2026-04-25 13:51:16.973685
20260425_134659,4,63,AI_Warrior,PVE,CONQUER,HARD,4,40.0,AI calculated 5 steps ahead and selected column 4 for steady strategic positioning.,1,3,"0,0,2,1,1,0,0,0,0,1,2,1,0,0,0,0,1,1,2,0,0,0,0,0,2,2,0,0,0,0,0,0,2,0,0,0,0,0,0,0,0,0",2026-04-25 13:51:17.227100
20260425_134659,4,64,PLAYER,PVE,CONQUER,HARD,4,N/A,N/A,1,3,"0,0,2,1,1,0,0,0,0,1,2,1,0,0,0,0,1,1,2,0,0,0,0,0,2,2,0,0,0,0,0,0,2,0,0,0,0,0,0,1,0,0",2026-04-25 13:51:17.995327
20260425_134659,4,65,AI_Warrior,PVE,CONQUER,HARD,2,37.0,AI calculated 5 steps ahead and selected column 2 for steady strategic positioning.,1,3,"0,0,2,1,1,0,0,0,0,1,2,1,0,0,0,0,1,1,2,0,0,0,0,2,2,2,0,0,0,0,0,0,2,0,0,0,0,0,0,1,0,0",2026-04-25 13:51:18.151757
20260425_134659,4,66,PLAYER,PVE,CONQUER,HARD,5,N/A,N/A,1,3,"0,0,2,1,1,1,0,0,0,1,2,1,0,0,0,0,1,1,2,0,0,0,0,2,2,2,0,0,0,0,0,0,2,0,0,0,0,0,0,1,0,0",2026-04-25 13:51:19.744187
20260425_134659,4,67,AI_Warrior,PVE,CONQUER,HARD,6,44.0,AI calculated 5 steps ahead and selected column 6 for steady strategic positioning.,1,3,"0,0,2,1,1,1,2,0,0,1,2,1,0,0,0,0,1,1,2,0,0,0,0,2,2,2,0,0,0,0,0,0,2,0,0,0,0,0,0,1,0,0",2026-04-25 13:51:19.995725
20260425_134659,4,68,PLAYER,PVE,CONQUER,HARD,5,N/A,N/A,1,3,"0,0,2,1,1,1,2,0,0,1,2,1,1,0,0,0,1,1,2,0,0,0,0,2,2,2,0,0,0,0,0,0,2,0,0,0,0,0,0,1,0,0",2026-04-25 13:51:22.692027
20260425_134659,4,69,AI_Warrior,PVE,CONQUER,HARD,3,56.0,AI selected the center column (Score: 56) to maximize future horizontal and diagonal possibilities.,1,3,"0,0,2,1,1,1,2,0,0,1,2,1,1,0,0,0,1,1,2,0,0,0,0,2,2,2,0,0,0,0,0,2,2,0,0,0,0,0,0,1,0,0",2026-04-25 13:51:22.909756
20260425_134659,4,70,PLAYER,PVE,CONQUER,HARD,2,N/A,N/A,1,3,"0,0,2,1,1,1,2,0,0,1,2,1,1,0,0,0,1,1,2,0,0,0,0,2,2,2,0,0,0,0,1,2,2,0,0,0,0,0,0,1,0,0",2026-04-25 13:51:24.189126
20260425_134659,4,71,AI_Warrior,PVE,CONQUER,HARD,0,100000000000000.0,AI has found a definitive winning move or successfully blocked the opponent's absolute victory!,1,3,"2,0,2,1,1,1,2,0,0,1,2,1,1,0,0,0,1,1,2,0,0,0,0,2,2,2,0,0,0,0,1,2,2,0,0,0,0,0,0,1,0,0",2026-04-25 13:51:24.228024
20260425_134659,4,72,PLAYER,PVE,CONQUER,HARD,5,N/A,N/A,1,3,"2,0,2,1,1,1,2,0,0,1,2,1,1,0,0,0,1,1,2,1,0,0,0,2,2,2,0,0,0,0,1,2,2,0,0,0,0,0,0,1,0,0",2026-04-25 13:51:31.311210
20260425_134659,4,73,AI_Warrior,PVE,CONQUER,HARD,5,100000000000000.0,AI has found a definitive winning move or successfully blocked the opponent's absolute victory!,1,3,"2,0,2,1,1,1,2,0,0,1,2,1,1,0,0,0,1,1,2,1,0,0,0,2,2,2,2,0,0,0,1,2,2,0,0,0,0,0,0,1,0,0",2026-04-25 13:51:31.354583
